Code, ParentSetCode, Name, Type, Block, ReleasedAt, IconURI
pip,,Fallout,commander,,2024-03-08,https://svgs.scryfall.io/sets/pip.svg?1705294800
tpip,pip,Fallout Tokens,token,,2024-03-08,https://svgs.scryfall.io/sets/pip.svg?1705294800
mkc,mkm,Murders at Karlov Manor Commander,commander,,2024-02-16,https://svgs.scryfall.io/sets/mkc.svg?1705294800
pss4,mkm,Murders at Karlov Manor Standard Showdown,promo,,2024-02-10,https://svgs.scryfall.io/sets/star.svg?1705294800
mkm,,Murders at Karlov Manor,expansion,,2024-02-09,https://svgs.scryfall.io/sets/mkm.svg?1705294800
tmkm,mkm,Murders at Karlov Manor Tokens,token,,2024-02-09,https://svgs.scryfall.io/sets/mkm.svg?1705294800
clu,mkm,Ravnica: Clue Edition,draft_innovation,,2024-02-09,https://svgs.scryfall.io/sets/clu.svg?1705294800
pl24,,Year of the Dragon 2024,promo,,2024-02-08,https://svgs.scryfall.io/sets/star.svg?1705294800
rvr,,Ravnica Remastered,masters,,2024-01-12,https://svgs.scryfall.io/sets/rvr.svg?1705294800
trvr,rvr,Ravnica Remastered Tokens,token,,2024-01-12,https://svgs.scryfall.io/sets/rvr.svg?1705294800
pw24,,Wizards Play Network 2024,promo,,2024-01-01,https://svgs.scryfall.io/sets/star.svg?1705294800
pf24,,MagicFest 2024,promo,,2024-01-01,https://svgs.scryfall.io/sets/star.svg?1705294800
ylci,lci,Alchemy: Ixalan,alchemy,Alchemy 2023,2023-12-05,https://svgs.scryfall.io/sets/y24.svg?1705294800
plci,lci,The Lost Caverns of Ixalan Promos,promo,,2023-11-17,https://svgs.scryfall.io/sets/lci.svg?1705294800
spg,,Special Guests,masterpiece,,2023-11-17,https://svgs.scryfall.io/sets/spg.svg?1705294800
alci,lci,The Lost Caverns of Ixalan Art Series,memorabilia,,2023-11-17,https://svgs.scryfall.io/sets/lci.svg?1705294800
tlci,lci,The Lost Caverns of Ixalan Tokens,token,,2023-11-17,https://svgs.scryfall.io/sets/lci.svg?1705294800
rex,lci,Jurassic World Collection,masterpiece,,2023-11-17,https://svgs.scryfall.io/sets/rex.svg?1705294800
slci,lci,The Lost Caverns of Ixalan Substitute Cards,token,,2023-11-17,https://svgs.scryfall.io/sets/lci.svg?1705294800
trex,rex,Jurassic World Collection Tokens,token,,2023-11-17,https://svgs.scryfall.io/sets/rex.svg?1705294800
lci,,The Lost Caverns of Ixalan,expansion,,2023-11-17,https://svgs.scryfall.io/sets/lci.svg?1705294800
tlcc,lcc,The Lost Caverns of Ixalan Commander Tokens,token,,2023-11-17,https://svgs.scryfall.io/sets/lcc.svg?1705294800
lcc,lci,The Lost Caverns of Ixalan Commander,commander,,2023-11-17,https://svgs.scryfall.io/sets/lcc.svg?1705294800
twho,who,Doctor Who Tokens,token,,2023-10-13,https://svgs.scryfall.io/sets/who.svg?1705294800
who,,Doctor Who,commander,,2023-10-13,https://svgs.scryfall.io/sets/who.svg?1705294800
ywoe,woe,Alchemy: Wilds of Eldraine,alchemy,Alchemy 2023,2023-10-10,https://svgs.scryfall.io/sets/y24.svg?1705294800
pwoe,woe,Wilds of Eldraine Promos,promo,,2023-09-08,https://svgs.scryfall.io/sets/woe.svg?1705294800
woc,woe,Wilds of Eldraine Commander,commander,Commander,2023-09-08,https://svgs.scryfall.io/sets/woc.svg?1705294800
twoc,woc,Wilds of Eldraine Commander Tokens,token,,2023-09-08,https://svgs.scryfall.io/sets/woc.svg?1705294800
twoe,woe,Wilds of Eldraine Tokens,token,,2023-09-08,https://svgs.scryfall.io/sets/woe.svg?1705294800
wwoe,woe,Wilds of Eldraine Japanese Promo Tokens,token,,2023-09-08,https://svgs.scryfall.io/sets/star.svg?1705294800
wot,woe,Wilds of Eldraine: Enchanting Tales,masterpiece,,2023-09-08,https://svgs.scryfall.io/sets/wot.svg?1705294800
awoe,woe,Wilds of Eldraine Art Series,memorabilia,,2023-09-08,https://svgs.scryfall.io/sets/woe.svg?1705294800
woe,,Wilds of Eldraine,expansion,,2023-09-08,https://svgs.scryfall.io/sets/woe.svg?1705294800
pmda,,Magic Ã— Duel Masters Promos,promo,,2023-09-08,https://svgs.scryfall.io/sets/star.svg?1705294800
p30t,30a,30th Anniversary Celebration Tokyo,promo,,2023-09-01,https://svgs.scryfall.io/sets/star.svg?1705294800
pagl,sld,Angels: They're Just Like Us but Cooler and with Wings,commander,Commander,2023-08-14,https://svgs.scryfall.io/sets/planeswalker.svg?1705294800
tcmm,cmm,Commander Masters Tokens,token,,2023-08-04,https://svgs.scryfall.io/sets/cmm.svg?1705294800
acmm,cmm,Commander Masters Art Series,memorabilia,,2023-08-04,https://svgs.scryfall.io/sets/cmm.svg?1705294800
cmm,,Commander Masters,masters,,2023-08-04,https://svgs.scryfall.io/sets/cmm.svg?1705294800
ph22,,2022 Heroes of the Realm,funny,Heroes of the Realm,2023-08-01,https://svgs.scryfall.io/sets/star.svg?1705294800
ea3,,Explorer Anthology 3,box,,2023-07-18,https://svgs.scryfall.io/sets/mtga.svg?1705294800
ha7,,Historic Anthology 7,box,,2023-07-18,https://svgs.scryfall.io/sets/ha1.svg?1705294800
pf23,,MagicFest 2023,promo,,2023-07-01,https://svgs.scryfall.io/sets/star.svg?1705294800
pltr,ltr,Tales of Middle-earth Promos,promo,,2023-06-23,https://svgs.scryfall.io/sets/ltr.svg?1705294800
ltc,ltr,Tales of Middle-earth Commander,commander,Commander,2023-06-23,https://svgs.scryfall.io/sets/ltc.svg?1705294800
ltr,,The Lord of the Rings: Tales of Middle-earth,draft_innovation,,2023-06-23,https://svgs.scryfall.io/sets/ltr.svg?1705294800
tltr,ltr,Tales of Middle-earth Tokens,token,,2023-06-23,https://svgs.scryfall.io/sets/ltr.svg?1705294800
altr,ltr,Tales of Middle-earth Art Series,memorabilia,,2023-06-23,https://svgs.scryfall.io/sets/ltr.svg?1705294800
tltc,ltc,Tales of Middle-earth Commander Tokens,token,,2023-06-23,https://svgs.scryfall.io/sets/ltc.svg?1705294800
fltr,ltr,Tales of Middle-earth Front Cards,memorabilia,,2023-06-23,https://svgs.scryfall.io/sets/ltr.svg?1705294800
mat,,March of the Machine: The Aftermath,expansion,,2023-05-12,https://svgs.scryfall.io/sets/mat.svg?1705294800
pctb,sld,From Cute to Brute,commander,,2023-05-08,https://svgs.scryfall.io/sets/planeswalker.svg?1705294800
fmom,mom,March of the Machine Jumpstart Front Cards,memorabilia,,2023-04-21,https://svgs.scryfall.io/sets/mom.svg?1705294800
tmoc,moc,March of the Machine Commander Tokens,token,,2023-04-21,https://svgs.scryfall.io/sets/moc.svg?1705294800
moc,mom,March of the Machine Commander,commander,Commander,2023-04-21,https://svgs.scryfall.io/sets/moc.svg?1705294800
amom,mom,March of the Machine Art Series,memorabilia,,2023-04-21,https://svgs.scryfall.io/sets/mom.svg?1705294800
tmul,mul,Multiverse Legends Tokens,token,,2023-04-21,https://svgs.scryfall.io/sets/mul.svg?1705294800
tmom,mom,March of the Machine Tokens,token,,2023-04-21,https://svgs.scryfall.io/sets/mom.svg?1705294800
smom,mom,March of the Machine Substitute Cards,token,,2023-04-21,https://svgs.scryfall.io/sets/mom.svg?1705294800
mom,,March of the Machine,expansion,,2023-04-21,https://svgs.scryfall.io/sets/mom.svg?1705294800
wmom,mom,March of the Machine Japanese Promo Tokens,token,,2023-04-21,https://svgs.scryfall.io/sets/mom.svg?1705294800
pmom,mom,March of the Machine Promos,promo,,2023-04-21,https://svgs.scryfall.io/sets/mom.svg?1705294800
mul,mom,Multiverse Legends,masterpiece,,2023-04-21,https://svgs.scryfall.io/sets/mul.svg?1705294800
sis,,Shadows of the Past,masters,,2023-03-21,https://svgs.scryfall.io/sets/sis.svg?1705294800
sir,,Shadows over Innistrad Remastered,masters,,2023-03-21,https://svgs.scryfall.io/sets/sir.svg?1705294800
yone,one,Alchemy: Phyrexia,alchemy,Alchemy 2023,2023-02-28,https://svgs.scryfall.io/sets/y23.svg?1705294800
slp,sld,Secret Lair Showdown,promo,,2023-02-17,https://svgs.scryfall.io/sets/star.svg?1705294800
pl23,,Year of the Rabbit 2023,promo,,2023-02-10,https://svgs.scryfall.io/sets/star.svg?1705294800
pone,one,Phyrexia: All Will Be One Promos,promo,,2023-02-03,https://svgs.scryfall.io/sets/one.svg?1705294800
tone,one,Phyrexia: All Will Be One Tokens,token,,2023-02-03,https://svgs.scryfall.io/sets/one.svg?1705294800
tonc,onc,Phyrexia: All Will Be One Commander Tokens,token,,2023-02-03,https://svgs.scryfall.io/sets/onc.svg?1705294800
onc,one,Phyrexia: All Will Be One Commander,commander,Commander,2023-02-03,https://svgs.scryfall.io/sets/onc.svg?1705294800
fone,one,Phyrexia: All Will Be One Jumpstart Front Cards,memorabilia,,2023-02-03,https://svgs.scryfall.io/sets/one.svg?1705294800
one,,Phyrexia: All Will Be One,expansion,,2023-02-03,https://svgs.scryfall.io/sets/one.svg?1705294800
aone,one,Phyrexia: All Will Be One Art Series,memorabilia,,2023-02-03,https://svgs.scryfall.io/sets/one.svg?1705294800
mone,one,Phyrexia: All Will Be One Minigames,minigame,,2023-02-03,https://svgs.scryfall.io/sets/one.svg?1705294800
wone,one,Phyrexia: All Will Be One Japanese Promo Tokens,token,,2023-01-27,https://svgs.scryfall.io/sets/one.svg?1705294800
dmr,,Dominaria Remastered,masters,,2023-01-13,https://svgs.scryfall.io/sets/dmr.svg?1705294800
tdmr,dmr,Dominaria Remastered Tokens,token,,2023-01-13,https://svgs.scryfall.io/sets/dmr.svg?1705294800
pr23,,Regional Championship Qualifiers 2023,promo,,2023-01-07,https://svgs.scryfall.io/sets/star.svg?1705294800
p23,,Judge Gift Cards 2023,promo,Judge Gift Cards,2023-01-01,https://svgs.scryfall.io/sets/archie.svg?1705294800
pw23,,Wizards Play Network 2023,promo,,2023-01-01,https://svgs.scryfall.io/sets/star.svg?1705294800
ybro,bro,Alchemy: The Brothers' War,alchemy,Alchemy 2023,2022-12-13,https://svgs.scryfall.io/sets/y23.svg?1705294800
ea2,,Explorer Anthology 2,box,,2022-12-13,https://svgs.scryfall.io/sets/mtga.svg?1705294800
tscd,scd,Starter Commander Deck Tokens,token,,2022-12-02,https://svgs.scryfall.io/sets/scd.svg?1705294800
scd,,Starter Commander Decks,commander,,2022-12-02,https://svgs.scryfall.io/sets/scd.svg?1705294800
fj22,j22,Jumpstart 2022 Front Cards,memorabilia,,2022-12-02,https://svgs.scryfall.io/sets/j22.svg?1705294800
j22,,Jumpstart 2022,draft_innovation,,2022-12-02,https://svgs.scryfall.io/sets/j22.svg?1705294800
t30a,30a,30th Anniversary Tokens,token,,2022-11-28,https://svgs.scryfall.io/sets/30a.svg?1705294800
30a,,30th Anniversary Edition,memorabilia,,2022-11-28,https://svgs.scryfall.io/sets/30a.svg?1705294800
pewk,,Eternal Weekend,promo,,2022-11-26,https://svgs.scryfall.io/sets/star.svg?1705294800
brc,bro,The Brothers' War Commander,commander,Commander,2022-11-18,https://svgs.scryfall.io/sets/brc.svg?1705294800
brr,bro,The Brothers' War Retro Artifacts,masterpiece,,2022-11-18,https://svgs.scryfall.io/sets/brr.svg?1705294800
pbro,bro,The Brothers' War Promos,promo,,2022-11-18,https://svgs.scryfall.io/sets/bro.svg?1705294800
tbot,bot,Transformers Tokens,token,,2022-11-18,https://svgs.scryfall.io/sets/bot.svg?1705294800
bot,bro,Transformers,masterpiece,,2022-11-18,https://svgs.scryfall.io/sets/bot.svg?1705294800
ptbro,bro,The Brothers' War Southeast Asia Tokens,token,,2022-11-18,https://svgs.scryfall.io/sets/bro.svg?1705294800
sbro,bro,The Brothers' War Substitute Cards,token,,2022-11-18,https://svgs.scryfall.io/sets/bro.svg?1705294800
fbro,,The Brothers' War Jumpstart Front Cards,memorabilia,,2022-11-18,https://svgs.scryfall.io/sets/bro.svg?1705294800
tbro,bro,The Brothers' War Tokens,token,,2022-11-18,https://svgs.scryfall.io/sets/bro.svg?1705294800
tbrc,brc,The Brothers' War Commander Tokens,token,,2022-11-18,https://svgs.scryfall.io/sets/brc.svg?1705294800
mbro,bro,The Brothers' War Minigames,minigame,,2022-11-18,https://svgs.scryfall.io/sets/bro.svg?1705294800
abro,bro,The Brothers' War Art Series,memorabilia,,2022-11-18,https://svgs.scryfall.io/sets/bro.svg?1705294800
bro,,The Brothers' War,expansion,,2022-11-18,https://svgs.scryfall.io/sets/bro.svg?1705294800
slc,sld,Secret Lair 30th Anniversary Countdown Kit,promo,,2022-11-01,https://svgs.scryfall.io/sets/star.svg?1705294800
tgn3,gn3,Game Night: Free-for-All Tokens,token,,2022-10-14,https://svgs.scryfall.io/sets/gn3.svg?1705294800
gn3,,Game Night: Free-for-All,box,,2022-10-14,https://svgs.scryfall.io/sets/gn3.svg?1705294800
uplist,plist,The List (Unfinity Foil Edition),funny,,2022-10-07,https://svgs.scryfall.io/sets/planeswalker.svg?1705294800
sunf,unf,Unfinity Sticker Sheets,funny,,2022-10-07,https://svgs.scryfall.io/sets/unf.svg?1705294800
unf,,Unfinity,funny,,2022-10-07,https://svgs.scryfall.io/sets/unf.svg?1705294800
tunf,unf,Unfinity Tokens,token,,2022-10-07,https://svgs.scryfall.io/sets/unf.svg?1705294800
t40k,40k,Warhammer 40,000 Tokens,token,,2022-10-07,https://svgs.scryfall.io/sets/40k.svg?1705294800
40k,,Warhammer 40,000 Commander,commander,Commander,2022-10-07,https://svgs.scryfall.io/sets/40k.svg?1705294800
ydmu,dmu,Alchemy: Dominaria,alchemy,Alchemy 2023,2022-10-05,https://svgs.scryfall.io/sets/y23.svg?1705294800
prcq,,Regional Championship Qualifiers 2022,promo,,2022-10-01,https://svgs.scryfall.io/sets/star.svg?1705294800
p30h,30a,30th Anniversary History Promos,promo,,2022-09-09,https://svgs.scryfall.io/sets/star.svg?1705294800
pdmu,dmu,Dominaria United Promos,promo,,2022-09-09,https://svgs.scryfall.io/sets/dmu.svg?1705294800
ptdmu,dmu,Dominaria United Southeast Asia Tokens,token,,2022-09-09,https://svgs.scryfall.io/sets/dmu.svg?1705294800
mdmu,dmu,Dominaria United Minigames,minigame,,2022-09-09,https://svgs.scryfall.io/sets/dmu.svg?1705294800
dmu,,Dominaria United,expansion,,2022-09-09,https://svgs.scryfall.io/sets/dmu.svg?1705294800
dmc,dmu,Dominaria United Commander,commander,Commander,2022-09-09,https://svgs.scryfall.io/sets/dmc.svg?1705294800
admu,dmu,Dominaria United Art Series,memorabilia,,2022-09-09,https://svgs.scryfall.io/sets/dmu.svg?1705294800
tdmc,dmc,Dominaria United Commander Tokens,token,,2022-09-09,https://svgs.scryfall.io/sets/dmc.svg?1705294800
tdmu,dmu,Dominaria United Tokens,token,,2022-09-09,https://svgs.scryfall.io/sets/dmu.svg?1705294800
wdmu,dmu,Dominaria United Japanese Promo Tokens,token,,2022-09-09,https://svgs.scryfall.io/sets/star.svg?1705294800
fdmu,dmu,Dominaria United Jumpstart Front Cards,memorabilia,,2022-09-09,https://svgs.scryfall.io/sets/dmu.svg?1705294800
p30m,30a,30th Anniversary Misc Promos,promo,,2022-09-02,https://svgs.scryfall.io/sets/star.svg?1705294800
p30a,30a,30th Anniversary Play Promos,promo,,2022-09-02,https://svgs.scryfall.io/sets/star.svg?1705294800
psvc,,Summer Vacation Promos 2022,promo,,2022-08-01,https://svgs.scryfall.io/sets/star.svg?1705294800
ph21,,2021 Heroes of the Realm,funny,Heroes of the Realm,2022-08-01,https://svgs.scryfall.io/sets/star.svg?1705294800
ea1,,Explorer Anthology 1,box,,2022-07-28,https://svgs.scryfall.io/sets/mtga.svg?1705294800
ha6,,Historic Anthology 6,box,,2022-07-28,https://svgs.scryfall.io/sets/ha1.svg?1705294800
sch,,Store Championships,promo,,2022-07-09,https://svgs.scryfall.io/sets/star.svg?1705294800
2x2,,Double Masters 2022,masters,,2022-07-08,https://svgs.scryfall.io/sets/2x2.svg?1705294800
t2x2,2x2,Double Masters 2022 Tokens,token,,2022-07-08,https://svgs.scryfall.io/sets/2x2.svg?1705294800
hbg,,Alchemy Horizons: Baldur's Gate,alchemy,Alchemy 2022,2022-07-07,https://svgs.scryfall.io/sets/hbg.svg?1705294800
plg22,,Love Your LGS 2022,promo,,2022-07-01,https://svgs.scryfall.io/sets/star.svg?1705294800
pclb,clb,Battle for Baldur's Gate Promos,promo,,2022-06-10,https://svgs.scryfall.io/sets/clb.svg?1705294800
mclb,clb,Commander Legends: Battle for Baldur's Gate Minigames,minigame,,2022-06-10,https://svgs.scryfall.io/sets/clb.svg?1705294800
tclb,clb,Battle for Baldur's Gate Tokens,token,,2022-06-10,https://svgs.scryfall.io/sets/clb.svg?1705294800
clb,,Commander Legends: Battle for Baldur's Gate,draft_innovation,,2022-06-10,https://svgs.scryfall.io/sets/clb.svg?1705294800
aclb,clb,Battle for Baldur's Gate Art Series,memorabilia,,2022-06-10,https://svgs.scryfall.io/sets/clb.svg?1705294800
ysnc,snc,Alchemy: New Capenna,alchemy,Alchemy 2022,2022-06-02,https://svgs.scryfall.io/sets/y22.svg?1705294800
ptsnc,psnc,Streets of New Capenna Southeast Asia Tokens,promo,,2022-04-30,https://svgs.scryfall.io/sets/snc.svg?1705294800
pncc,ncc,New Capenna Commander Promos,promo,,2022-04-29,https://svgs.scryfall.io/sets/ncc.svg?1705294800
tsnc,snc,Streets of New Capenna Tokens,token,,2022-04-29,https://svgs.scryfall.io/sets/snc.svg?1705294800
snc,,Streets of New Capenna,expansion,,2022-04-29,https://svgs.scryfall.io/sets/snc.svg?1705294800
ncc,snc,New Capenna Commander,commander,Commander,2022-04-29,https://svgs.scryfall.io/sets/ncc.svg?1705294800
psnc,snc,Streets of New Capenna Promos,promo,,2022-04-29,https://svgs.scryfall.io/sets/snc.svg?1705294800
msnc,snc,Streets of New Capenna Minigames,minigame,,2022-04-29,https://svgs.scryfall.io/sets/snc.svg?1705294800
asnc,snc,New Capenna Art Series,memorabilia,,2022-04-29,https://svgs.scryfall.io/sets/snc.svg?1705294800
phed,sld,Heads I Win, Tails You Lose,commander,Commander,2022-04-22,https://svgs.scryfall.io/sets/planeswalker.svg?1705294800
tncc,ncc,New Capenna Commander Tokens,token,,2022-04-20,https://svgs.scryfall.io/sets/ncc.svg?1705294800
gdy,,Game Day Promos,promo,,2022-04-08,https://svgs.scryfall.io/sets/star.svg?1705294800
q07,,Challenger Decks 2022,box,,2022-04-01,https://svgs.scryfall.io/sets/star.svg?1705294800
yneo,neo,Alchemy: Kamigawa,alchemy,Alchemy 2022,2022-03-17,https://svgs.scryfall.io/sets/y22.svg?1705294800
pw22,,Wizards Play Network 2022,promo,,2022-03-05,https://svgs.scryfall.io/sets/star.svg?1705294800
slx,sld,Universes Within,masters,,2022-03-03,https://svgs.scryfall.io/sets/star.svg?1705294800
pl22,,Year of the Tiger 2022,promo,,2022-02-25,https://svgs.scryfall.io/sets/star.svg?1705294800
pneo,neo,Kamigawa: Neon Dynasty Promos,promo,,2022-02-18,https://svgs.scryfall.io/sets/neo.svg?1705294800
mneo,neo,Kamigawa: Neon Dynasty Minigames,minigame,,2022-02-18,https://svgs.scryfall.io/sets/neo.svg?1705294800
sneo,neo,Kamigawa: Neon Dynasty Substitute Cards,token,,2022-02-18,https://svgs.scryfall.io/sets/neo.svg?1705294800
tnec,nec,Neon Dynasty Commander Tokens,token,,2022-02-18,https://svgs.scryfall.io/sets/nec.svg?1705294800
tneo,neo,Kamigawa: Neon Dynasty Tokens,token,,2022-02-18,https://svgs.scryfall.io/sets/neo.svg?1705294800
neo,,Kamigawa: Neon Dynasty,expansion,,2022-02-18,https://svgs.scryfall.io/sets/neo.svg?1705294800
nec,neo,Neon Dynasty Commander,commander,Commander,2022-02-18,https://svgs.scryfall.io/sets/nec.svg?1705294800
aneo,neo,Neon Dynasty Art Series,memorabilia,,2022-02-18,https://svgs.scryfall.io/sets/neo.svg?1705294800
cc2,,Commander Collection: Black,arsenal,,2022-01-28,https://svgs.scryfall.io/sets/cc2.svg?1705294800
dbl,,Innistrad: Double Feature,draft_innovation,,2022-01-28,https://svgs.scryfall.io/sets/star.svg?1705294800
p22,,Judge Gift Cards 2022,promo,Judge Gift Cards,2022-01-01,https://svgs.scryfall.io/sets/archie.svg?1705294800
ymid,,Alchemy: Innistrad,alchemy,Alchemy 2022,2021-12-09,https://svgs.scryfall.io/sets/y22.svg?1705294800
pvow,vow,Innistrad: Crimson Vow Promos,promo,,2021-11-19,https://svgs.scryfall.io/sets/vow.svg?1705294800
ovoc,voc,Crimson Vow Commander Display Commanders,memorabilia,Innistrad: Double Feature,2021-11-19,https://svgs.scryfall.io/sets/voc.svg?1705294800
tvow,vow,Innistrad: Crimson Vow Tokens,token,Innistrad: Double Feature,2021-11-19,https://svgs.scryfall.io/sets/vow.svg?1705294800
tvoc,voc,Crimson Vow Commander Tokens,token,Innistrad: Double Feature,2021-11-19,https://svgs.scryfall.io/sets/voc.svg?1705294800
mvow,vow,Innistrad: Crimson Vow Minigames,minigame,,2021-11-19,https://svgs.scryfall.io/sets/vow.svg?1705294800
svow,vow,Innistrad: Crimson Vow Substitute Cards,token,,2021-11-19,https://svgs.scryfall.io/sets/vow.svg?1705294800
vow,,Innistrad: Crimson Vow,expansion,Innistrad: Double Feature,2021-11-19,https://svgs.scryfall.io/sets/vow.svg?1705294800
voc,vow,Crimson Vow Commander,commander,Commander,2021-11-19,https://svgs.scryfall.io/sets/voc.svg?1705294800
avow,vow,Crimson Vow Art Series,memorabilia,Innistrad: Double Feature,2021-11-19,https://svgs.scryfall.io/sets/vow.svg?1705294800
q06,,Pioneer Challenger Decks 2021,box,,2021-10-15,https://svgs.scryfall.io/sets/star.svg?1705294800
smid,mid,Innistrad: Midnight Hunt Substitute Cards,token,Innistrad: Double Feature,2021-09-24,https://svgs.scryfall.io/sets/mid.svg?1705294800
mic,mid,Midnight Hunt Commander,commander,Commander,2021-09-24,https://svgs.scryfall.io/sets/mic.svg?1705294800
pmid,mid,Innistrad: Midnight Hunt Promos,promo,Innistrad: Double Feature,2021-09-24,https://svgs.scryfall.io/sets/mid.svg?1705294800
tmid,mid,Innistrad: Midnight Hunt Tokens,token,Innistrad: Double Feature,2021-09-24,https://svgs.scryfall.io/sets/mid.svg?1705294800
omic,mic,Midnight Hunt Commander Display Commanders,memorabilia,Commander,2021-09-24,https://svgs.scryfall.io/sets/mic.svg?1705294800
tmic,mic,Midnight Hunt Commander Tokens,token,Commander,2021-09-24,https://svgs.scryfall.io/sets/mic.svg?1705294800
amid,mid,Midnight Hunt Art Series,memorabilia,Innistrad: Double Feature,2021-09-24,https://svgs.scryfall.io/sets/mid.svg?1705294800
mid,,Innistrad: Midnight Hunt,expansion,Innistrad: Double Feature,2021-09-24,https://svgs.scryfall.io/sets/mid.svg?1705294800
mmid,mid,Innistrad: Midnight Hunt Minigames,minigame,,2021-09-24,https://svgs.scryfall.io/sets/mid.svg?1705294800
j21,,Jumpstart: Historic Horizons,draft_innovation,,2021-08-26,https://svgs.scryfall.io/sets/j21.svg?1705294800
cmb2,mb1,Mystery Booster Playtest Cards 2021,funny,,2021-08-20,https://svgs.scryfall.io/sets/planeswalker.svg?1705294800
ph20,,2020 Heroes of the Realm,funny,Heroes of the Realm,2021-08-01,https://svgs.scryfall.io/sets/star.svg?1705294800
pafr,afr,Adventures in the Forgotten Realms Promos,promo,,2021-07-23,https://svgs.scryfall.io/sets/afr.svg?1705294800
oafc,afc,Forgotten Realms Commander Display Commanders,memorabilia,,2021-07-23,https://svgs.scryfall.io/sets/afc.svg?1705294800
afc,afr,Forgotten Realms Commander,commander,Commander,2021-07-23,https://svgs.scryfall.io/sets/afc.svg?1705294800
aafr,afr,Adventures in the Forgotten Realms Art Series,memorabilia,,2021-07-23,https://svgs.scryfall.io/sets/afr.svg?1705294800
tafc,afc,Forgotten Realms Commander Tokens,token,,2021-07-23,https://svgs.scryfall.io/sets/afc.svg?1705294800
tafr,afr,Adventures in the Forgotten Realms Tokens,token,,2021-07-23,https://svgs.scryfall.io/sets/afr.svg?1705294800
mafr,afr,Adventures in the Forgotten Realms Minigames,minigame,,2021-07-23,https://svgs.scryfall.io/sets/afr.svg?1705294800
afr,,Adventures in the Forgotten Realms,expansion,,2021-07-23,https://svgs.scryfall.io/sets/afr.svg?1705294800
plg21,,Love Your LGS 2021,promo,,2021-06-22,https://svgs.scryfall.io/sets/star.svg?1705294800
pmh2,mh2,Modern Horizons 2 Promos,promo,,2021-06-18,https://svgs.scryfall.io/sets/mh2.svg?1705294800
mmh2,mh2,Modern Horizons 2 Minigames,minigame,,2021-06-18,https://svgs.scryfall.io/sets/mh2.svg?1705294800
h1r,mh2,Modern Horizons 1 Timeshifts,draft_innovation,,2021-06-18,https://svgs.scryfall.io/sets/mh1.svg?1705294800
amh2,mh2,Modern Horizons 2 Art Series,memorabilia,,2021-06-18,https://svgs.scryfall.io/sets/mh2.svg?1705294800
mh2,,Modern Horizons 2,draft_innovation,,2021-06-18,https://svgs.scryfall.io/sets/mh2.svg?1705294800
tmh2,mh2,Modern Horizons 2 Tokens,token,,2021-06-18,https://svgs.scryfall.io/sets/mh2.svg?1705294800
pw21,,Wizards Play Network 2021,promo,,2021-06-18,https://svgs.scryfall.io/sets/star.svg?1705294800
ha5,,Historic Anthology 5,box,,2021-05-27,https://svgs.scryfall.io/sets/ha1.svg?1705294800
pstx,stx,Strixhaven: School of Mages Promos,promo,,2021-04-23,https://svgs.scryfall.io/sets/stx.svg?1705294800
tc21,c21,Commander 2021 Tokens,token,,2021-04-23,https://svgs.scryfall.io/sets/c21.svg?1705294800
tstx,stx,Strixhaven: School of Mages Tokens,token,,2021-04-23,https://svgs.scryfall.io/sets/stx.svg?1705294800
sstx,stx,Strixhaven: School of Mages Substitute Cards,token,,2021-04-23,https://svgs.scryfall.io/sets/stx.svg?1705294800
mstx,stx,Strixhaven: School of Mages Minigames,minigame,,2021-04-23,https://svgs.scryfall.io/sets/stx.svg?1705294800
oc21,c21,Commander 2021 Display Commanders,memorabilia,,2021-04-23,https://svgs.scryfall.io/sets/c21.svg?1705294800
astx,stx,Strixhaven Art Series,memorabilia,,2021-04-23,https://svgs.scryfall.io/sets/stx.svg?1705294800
stx,,Strixhaven: School of Mages,expansion,,2021-04-23,https://svgs.scryfall.io/sets/stx.svg?1705294800
sta,stx,Strixhaven Mystical Archive,masterpiece,,2021-04-23,https://svgs.scryfall.io/sets/sta.svg?1705294800
c21,,Commander 2021,commander,Commander,2021-04-23,https://svgs.scryfall.io/sets/c21.svg?1705294800
ttsr,tsr,Time Spiral Remastered Tokens,token,,2021-03-19,https://svgs.scryfall.io/sets/tsr.svg?1705294800
tsr,,Time Spiral Remastered,masters,,2021-03-19,https://svgs.scryfall.io/sets/tsr.svg?1705294800
ha4,,Historic Anthology 4,box,,2021-03-11,https://svgs.scryfall.io/sets/ha1.svg?1705294800
pkhm,khm,Kaldheim Promos,promo,,2021-02-05,https://svgs.scryfall.io/sets/khm.svg?1705294800
mkhm,khm,Kaldheim Minigames,minigame,,2021-02-05,https://svgs.scryfall.io/sets/khm.svg?1705294800
skhm,khm,Kaldheim Substitute Cards,token,,2021-02-05,https://svgs.scryfall.io/sets/khm.svg?1705294800
khm,,Kaldheim,expansion,,2021-02-05,https://svgs.scryfall.io/sets/khm.svg?1705294800
tkhm,khm,Kaldheim Tokens,token,,2021-02-05,https://svgs.scryfall.io/sets/khm.svg?1705294800
akhm,khm,Kaldheim Art Series,memorabilia,,2021-02-05,https://svgs.scryfall.io/sets/khm.svg?1705294800
tkhc,khc,Kaldheim Commander Tokens,token,,2021-02-05,https://svgs.scryfall.io/sets/khc.svg?1705294800
khc,khm,Kaldheim Commander,commander,Commander,2021-02-05,https://svgs.scryfall.io/sets/khc.svg?1705294800
pl21,,Year of the Ox 2021,promo,,2021-01-25,https://svgs.scryfall.io/sets/star.svg?1705294800
pj21,,Judge Gift Cards 2021,promo,Judge Gift Cards,2021-01-01,https://svgs.scryfall.io/sets/archie.svg?1705294800
cc1,,Commander Collection: Green,arsenal,,2020-12-04,https://svgs.scryfall.io/sets/cc1.svg?1705294800
cmr,,Commander Legends,draft_innovation,,2020-11-20,https://svgs.scryfall.io/sets/cmr.svg?1705294800
tcmr,cmr,Commander Legends Tokens,token,,2020-11-20,https://svgs.scryfall.io/sets/cmr.svg?1705294800
klr,,Kaladesh Remastered,masters,,2020-11-12,https://svgs.scryfall.io/sets/klr.svg?1705294800
plist,,The List,masters,,2020-09-26,https://svgs.scryfall.io/sets/planeswalker.svg?1705294800
pznr,znr,Zendikar Rising Promos,promo,,2020-09-25,https://svgs.scryfall.io/sets/znr.svg?1705294800
tznc,znc,Zendikar Rising Commander Tokens,token,,2020-09-25,https://svgs.scryfall.io/sets/znc.svg?1705294800
znc,znr,Zendikar Rising Commander,commander,Commander,2020-09-25,https://svgs.scryfall.io/sets/znc.svg?1705294800
sznr,znr,Zendikar Rising Substitute Cards,token,,2020-09-25,https://svgs.scryfall.io/sets/znr.svg?1705294800
mznr,znr,Zendikar Rising Minigames,minigame,,2020-09-25,https://svgs.scryfall.io/sets/znr.svg?1705294800
tznr,znr,Zendikar Rising Tokens,token,,2020-09-25,https://svgs.scryfall.io/sets/znr.svg?1705294800
zne,znr,Zendikar Rising Expeditions,masterpiece,,2020-09-25,https://svgs.scryfall.io/sets/zne.svg?1705294800
aznr,znr,Zendikar Rising Art Series,memorabilia,,2020-09-25,https://svgs.scryfall.io/sets/znr.svg?1705294800
znr,,Zendikar Rising,expansion,,2020-09-25,https://svgs.scryfall.io/sets/znr.svg?1705294800
akr,,Amonkhet Remastered,masters,,2020-08-13,https://svgs.scryfall.io/sets/akr.svg?1705294800
anb,,Arena Beginner Set,starter,,2020-08-13,https://svgs.scryfall.io/sets/mtga.svg?1705294800
2xm,,Double Masters,masters,,2020-08-07,https://svgs.scryfall.io/sets/2xm.svg?1705294800
t2xm,2xm,Double Masters Tokens,token,,2020-08-07,https://svgs.scryfall.io/sets/2xm.svg?1705294800
ph19,,2019 Heroes of the Realm,funny,Heroes of the Realm,2020-08-01,https://svgs.scryfall.io/sets/star.svg?1705294800
ajmp,jmp,Jumpstart Arena Exclusives,starter,,2020-07-17,https://svgs.scryfall.io/sets/jmp.svg?1705294800
jmp,,Jumpstart,draft_innovation,,2020-07-17,https://svgs.scryfall.io/sets/jmp.svg?1705294800
pm21,m21,Core Set 2021 Promos,promo,,2020-07-03,https://svgs.scryfall.io/sets/m21.svg?1705294800
tm21,m21,Core Set 2021 Tokens,token,,2020-07-03,https://svgs.scryfall.io/sets/m21.svg?1705294800
m21,,Core Set 2021,core,Core Set,2020-07-03,https://svgs.scryfall.io/sets/m21.svg?1705294800
ss3,,Signature Spellbook: Chandra,spellbook,,2020-06-26,https://svgs.scryfall.io/sets/ss3.svg?1705294800
fjmp,jmp,Jumpstart Front Cards,memorabilia,,2020-06-18,https://svgs.scryfall.io/sets/jmp.svg?1705294800
slu,sld,Secret Lair: Ultimate Edition,box,,2020-05-29,https://svgs.scryfall.io/sets/star.svg?1705294800
ha3,,Historic Anthology 3,box,,2020-05-21,https://svgs.scryfall.io/sets/ha1.svg?1705294800
plg20,,Love Your LGS 2020,promo,,2020-05-18,https://svgs.scryfall.io/sets/star.svg?1705294800
piko,iko,Ikoria: Lair of Behemoths Promos,promo,,2020-04-24,https://svgs.scryfall.io/sets/iko.svg?1705294800
tiko,iko,Ikoria: Lair of Behemoths Tokens,token,,2020-04-24,https://svgs.scryfall.io/sets/iko.svg?1705294800
iko,,Ikoria: Lair of Behemoths,expansion,,2020-04-24,https://svgs.scryfall.io/sets/iko.svg?1705294800
oc20,c20,Commander 2020 Oversized,memorabilia,,2020-04-17,https://svgs.scryfall.io/sets/c20.svg?1705294800
c20,,Commander 2020,commander,Commander,2020-04-17,https://svgs.scryfall.io/sets/c20.svg?1705294800
tc20,c20,Commander 2020 Tokens,token,Commander,2020-04-17,https://svgs.scryfall.io/sets/c20.svg?1705294800
ha2,,Historic Anthology 2,box,,2020-03-12,https://svgs.scryfall.io/sets/ha1.svg?1705294800
fmb1,mb1,Mystery Booster Retail Edition Foils,masters,,2020-03-08,https://svgs.scryfall.io/sets/planeswalker.svg?1705294800
tund,und,Unsanctioned Tokens,token,,2020-02-29,https://svgs.scryfall.io/sets/und.svg?1705294800
und,,Unsanctioned,funny,,2020-02-29,https://svgs.scryfall.io/sets/und.svg?1705294800
pthb,thb,Theros Beyond Death Promos,promo,,2020-01-24,https://svgs.scryfall.io/sets/thb.svg?1705294800
tthb,thb,Theros Beyond Death Tokens,token,,2020-01-24,https://svgs.scryfall.io/sets/thb.svg?1705294800
thb,,Theros Beyond Death,expansion,,2020-01-24,https://svgs.scryfall.io/sets/thb.svg?1705294800
pf20,,MagicFest 2020,promo,,2020-01-01,https://svgs.scryfall.io/sets/star.svg?1705294800
j20,,Judge Gift Cards 2020,promo,Judge Gift Cards,2020-01-01,https://svgs.scryfall.io/sets/archie.svg?1705294800
sld,,Secret Lair Drop,box,,2019-12-02,https://svgs.scryfall.io/sets/star.svg?1705294800
ha1,,Historic Anthology 1,box,,2019-11-21,https://svgs.scryfall.io/sets/ha1.svg?1705294800
tgn2,gn2,Game Night 2019 Tokens,token,,2019-11-15,https://svgs.scryfall.io/sets/gn2.svg?1705294800
gn2,,Game Night 2019,box,,2019-11-15,https://svgs.scryfall.io/sets/gn2.svg?1705294800
cmb1,mb1,Mystery Booster Playtest Cards 2019,funny,,2019-11-07,https://svgs.scryfall.io/sets/planeswalker.svg?1705294800
mb1,,Mystery Booster,masters,,2019-11-07,https://svgs.scryfall.io/sets/planeswalker.svg?1705294800
ptg,,Ponies: The Galloping,funny,,2019-10-22,https://svgs.scryfall.io/sets/ptg.svg?1705294800
peld,eld,Throne of Eldraine Promos,promo,,2019-10-04,https://svgs.scryfall.io/sets/eld.svg?1705294800
eld,,Throne of Eldraine,expansion,,2019-10-04,https://svgs.scryfall.io/sets/eld.svg?1705294800
pwcs,,Planeswalker Championship Promos,promo,,2019-10-01,https://svgs.scryfall.io/sets/star.svg?1705294800
teld,eld,Throne of Eldraine Tokens,token,,2019-09-04,https://svgs.scryfall.io/sets/eld.svg?1705294800
oc19,c19,Commander 2019 Oversized,memorabilia,Commander,2019-08-31,https://svgs.scryfall.io/sets/c19.svg?1705294800
c19,,Commander 2019,commander,Commander,2019-08-23,https://svgs.scryfall.io/sets/c19.svg?1705294800
tc19,c19,Commander 2019 Tokens,token,Commander,2019-08-01,https://svgs.scryfall.io/sets/c19.svg?1705294800
ph18,,2018 Heroes of the Realm,funny,Heroes of the Realm,2019-08-01,https://svgs.scryfall.io/sets/star.svg?1705294800
ps19,,San Diego Comic-Con 2019,promo,,2019-07-18,https://svgs.scryfall.io/sets/war.svg?1705294800
ppp1,m20,M20 Promo Packs,promo,Core Set,2019-07-12,https://svgs.scryfall.io/sets/star.svg?1705294800
tm20,m20,Core Set 2020 Tokens,token,,2019-07-12,https://svgs.scryfall.io/sets/m20.svg?1705294800
pm20,m20,Core Set 2020 Promos,promo,,2019-07-12,https://svgs.scryfall.io/sets/m20.svg?1705294800
m20,,Core Set 2020,core,Core Set,2019-07-12,https://svgs.scryfall.io/sets/m20.svg?1705294800
ss2,,Signature Spellbook: Gideon,spellbook,,2019-06-28,https://svgs.scryfall.io/sets/ss2.svg?1705294800
pmh1,mh1,Modern Horizons Promos,promo,,2019-06-14,https://svgs.scryfall.io/sets/mh1.svg?1705294800
mh1,,Modern Horizons,draft_innovation,,2019-06-14,https://svgs.scryfall.io/sets/mh1.svg?1705294800
amh1,mh1,Modern Horizons Art Series,memorabilia,,2019-06-05,https://svgs.scryfall.io/sets/mh1.svg?1705294800
tmh1,mh1,Modern Horizons Tokens,token,,2019-05-30,https://svgs.scryfall.io/sets/mh1.svg?1705294800
pwar,war,War of the Spark Promos,promo,,2019-05-03,https://svgs.scryfall.io/sets/war.svg?1705294800
twar,war,War of the Spark Tokens,token,Guilds of Ravnica,2019-05-03,https://svgs.scryfall.io/sets/war.svg?1705294800
war,,War of the Spark,expansion,Guilds of Ravnica,2019-05-03,https://svgs.scryfall.io/sets/war.svg?1705294800
j19,,Judge Gift Cards 2019,promo,Judge Gift Cards,2019-04-10,https://svgs.scryfall.io/sets/star.svg?1705294800
prw2,rna,RNA Ravnica Weekend,promo,Guilds of Ravnica,2019-02-16,https://svgs.scryfall.io/sets/rna.svg?1705294800
gk2,,RNA Guild Kit,box,,2019-02-15,https://svgs.scryfall.io/sets/rna.svg?1705294800
tgk2,gk2,RNA Guild Kit Tokens,token,,2019-02-15,https://svgs.scryfall.io/sets/rna.svg?1705294800
prna,rna,Ravnica Allegiance Promos,promo,Guilds of Ravnica,2019-01-25,https://svgs.scryfall.io/sets/rna.svg?1705294800
rna,,Ravnica Allegiance,expansion,Guilds of Ravnica,2019-01-25,https://svgs.scryfall.io/sets/rna.svg?1705294800
trna,rna,Ravnica Allegiance Tokens,token,Guilds of Ravnica,2019-01-25,https://svgs.scryfall.io/sets/rna.svg?1705294800
pf19,,MagicFest 2019,promo,,2019-01-01,https://svgs.scryfall.io/sets/star.svg?1705294800
opca,pca,Planechase Anthology Planes,planechase,,2018-12-25,https://svgs.scryfall.io/sets/pca.svg?1705294800
puma,uma,Ultimate Box Topper,masterpiece,,2018-12-07,https://svgs.scryfall.io/sets/uma.svg?1705294800
uma,,Ultimate Masters,masters,,2018-12-07,https://svgs.scryfall.io/sets/uma.svg?1705294800
tuma,uma,Ultimate Masters Tokens,token,,2018-12-07,https://svgs.scryfall.io/sets/uma.svg?1705294800
g18,m19,M19 Gift Pack,box,,2018-11-16,https://svgs.scryfall.io/sets/m19.svg?1705294800
gnt,,Game Night,box,,2018-11-16,https://svgs.scryfall.io/sets/gnt.svg?1705294800
prwk,grn,GRN Ravnica Weekend,promo,Guilds of Ravnica,2018-11-09,https://svgs.scryfall.io/sets/grn.svg?1705294800
gk1,,GRN Guild Kit,box,,2018-11-02,https://svgs.scryfall.io/sets/grn.svg?1705294800
tgk1,gk1,GRN Guild Kit Tokens,token,,2018-11-02,https://svgs.scryfall.io/sets/grn.svg?1705294800
tgrn,grn,Guilds of Ravnica Tokens,token,Guilds of Ravnica,2018-10-05,https://svgs.scryfall.io/sets/grn.svg?1705294800
pgrn,grn,Guilds of Ravnica Promos,promo,Guilds of Ravnica,2018-10-05,https://svgs.scryfall.io/sets/grn.svg?1705294800
grn,,Guilds of Ravnica,expansion,Guilds of Ravnica,2018-10-05,https://svgs.scryfall.io/sets/grn.svg?1705294800
tmed,med,Mythic Edition Tokens,token,,2018-10-05,https://svgs.scryfall.io/sets/med.svg?1705294800
med,,Mythic Edition,masterpiece,,2018-10-05,https://svgs.scryfall.io/sets/med.svg?1705294800
oc18,c18,Commander 2018 Oversized,memorabilia,Commander,2018-08-09,https://svgs.scryfall.io/sets/c18.svg?1705294800
tc18,c18,Commander 2018 Tokens,token,Commander,2018-08-09,https://svgs.scryfall.io/sets/c18.svg?1705294800
c18,,Commander 2018,commander,Commander,2018-08-09,https://svgs.scryfall.io/sets/c18.svg?1705294800
ph17,,2017 Heroes of the Realm,funny,Heroes of the Realm,2018-08-01,https://svgs.scryfall.io/sets/star.svg?1705294800
ps18,,San Diego Comic-Con 2018,promo,,2018-07-19,https://svgs.scryfall.io/sets/star.svg?1705294800
xana,ana,Arena New Player Experience Extras,memorabilia,,2018-07-14,https://svgs.scryfall.io/sets/mtga.svg?1705294800
ana,,Arena New Player Experience,starter,,2018-07-14,https://svgs.scryfall.io/sets/mtga.svg?1705294800
pana,,MTG Arena Promos,promo,,2018-07-14,https://svgs.scryfall.io/sets/mtga.svg?1705294800
oana,ana,Arena New Player Experience Cards,starter,,2018-07-14,https://svgs.scryfall.io/sets/mtga.svg?1705294800
pm19,m19,Core Set 2019 Promos,promo,,2018-07-13,https://svgs.scryfall.io/sets/m19.svg?1705294800
m19,,Core Set 2019,core,Core Set,2018-07-13,https://svgs.scryfall.io/sets/m19.svg?1705294800
tm19,m19,Core Set 2019 Tokens,token,,2018-07-13,https://svgs.scryfall.io/sets/m19.svg?1705294800
pss3,m19,M19 Standard Showdown,promo,,2018-07-13,https://svgs.scryfall.io/sets/star.svg?1705294800
gs1,,Global Series Jiang Yanggu & Mu Yanling,duel_deck,,2018-06-22,https://svgs.scryfall.io/sets/gs1.svg?1705294800
ss1,,Signature Spellbook: Jace,spellbook,,2018-06-15,https://svgs.scryfall.io/sets/ss1.svg?1705294800
pbbd,bbd,Battlebond Promos,promo,,2018-06-08,https://svgs.scryfall.io/sets/bbd.svg?1705294800
tbbd,bbd,Battlebond Tokens,token,,2018-06-08,https://svgs.scryfall.io/sets/bbd.svg?1705294800
cm2,,Commander Anthology Volume II,commander,Commander,2018-06-08,https://svgs.scryfall.io/sets/cm2.svg?1705294800
tcm2,cm2,Commander Anthology Volume II Tokens,token,Commander,2018-06-08,https://svgs.scryfall.io/sets/cm2.svg?1705294800
bbd,,Battlebond,draft_innovation,,2018-06-08,https://svgs.scryfall.io/sets/bbd.svg?1705294800
pdom,dom,Dominaria Promos,promo,,2018-04-27,https://svgs.scryfall.io/sets/dom.svg?1705294800
dom,,Dominaria,expansion,,2018-04-27,https://svgs.scryfall.io/sets/dom.svg?1705294800
tdom,dom,Dominaria Tokens,token,,2018-04-27,https://svgs.scryfall.io/sets/dom.svg?1705294800
tddu,ddu,Duel Decks: Elves vs. Inventors Tokens,token,,2018-04-06,https://svgs.scryfall.io/sets/ddu.svg?1705294800
ddu,,Duel Decks: Elves vs. Inventors,duel_deck,,2018-04-06,https://svgs.scryfall.io/sets/ddu.svg?1705294800
a25,,Masters 25,masters,,2018-03-16,https://svgs.scryfall.io/sets/a25.svg?1705294800
ta25,a25,Masters 25 Tokens,token,,2018-03-16,https://svgs.scryfall.io/sets/a25.svg?1705294800
plny,,Lunar New Year 2018 ,promo,,2018-02-16,https://svgs.scryfall.io/sets/star.svg?1705294800
pnat,,Nationals Promos,promo,,2018-01-25,https://svgs.scryfall.io/sets/star.svg?1705294800
trix,rix,Rivals of Ixalan Tokens,token,Ixalan,2018-01-19,https://svgs.scryfall.io/sets/rix.svg?1705294800
prix,rix,Rivals of Ixalan Promos,promo,Ixalan,2018-01-19,https://svgs.scryfall.io/sets/rix.svg?1705294800
rix,,Rivals of Ixalan,expansion,Ixalan,2018-01-19,https://svgs.scryfall.io/sets/rix.svg?1705294800
j18,,Judge Gift Cards 2018,promo,Judge Gift Cards,2018-01-01,https://svgs.scryfall.io/sets/star.svg?1705294800
f18,,Friday Night Magic 2018,promo,Friday Night Magic,2017-12-27,https://svgs.scryfall.io/sets/star.svg?1705294800
pust,ust,Unstable Promos,promo,,2017-12-08,https://svgs.scryfall.io/sets/ust.svg?1705294800
tust,ust,Unstable Tokens,token,,2017-12-08,https://svgs.scryfall.io/sets/ust.svg?1705294800
ust,,Unstable,funny,,2017-12-08,https://svgs.scryfall.io/sets/ust.svg?1705294800
tima,ima,Iconic Masters Tokens,token,,2017-11-29,https://svgs.scryfall.io/sets/ima.svg?1705294800
pxtc,xln,XLN Treasure Chest,promo,Ixalan,2017-11-24,https://svgs.scryfall.io/sets/xln.svg?1705294800
e02,,Explorers of Ixalan,box,,2017-11-24,https://svgs.scryfall.io/sets/e02.svg?1705294800
v17,,From the Vault: Transform,from_the_vault,,2017-11-24,https://svgs.scryfall.io/sets/v17.svg?1705294800
ima,,Iconic Masters,masters,,2017-11-17,https://svgs.scryfall.io/sets/ima.svg?1705294800
ddt,,Duel Decks: Merfolk vs. Goblins,duel_deck,,2017-10-24,https://svgs.scryfall.io/sets/ddt.svg?1705294800
tddt,ddt,Duel Decks: Merfolk vs. Goblins Tokens,token,,2017-10-24,https://svgs.scryfall.io/sets/ddt.svg?1705294800
g17,,2017 Gift Pack,box,,2017-10-20,https://svgs.scryfall.io/sets/star.svg?1705294800
pxln,xln,Ixalan Promos,promo,Ixalan,2017-09-29,https://svgs.scryfall.io/sets/xln.svg?1705294800
xln,,Ixalan,expansion,Ixalan,2017-09-29,https://svgs.scryfall.io/sets/xln.svg?1705294800
txln,xln,Ixalan Tokens,token,Ixalan,2017-09-29,https://svgs.scryfall.io/sets/xln.svg?1705294800
pss2,xln,XLN Standard Showdown,promo,Ixalan,2017-09-29,https://svgs.scryfall.io/sets/star.svg?1705294800
h17,,HasCon 2017,funny,,2017-09-20,https://svgs.scryfall.io/sets/h17.svg?1705294800
phtr,,2016 Heroes of the Realm,funny,Heroes of the Realm,2017-09-20,https://svgs.scryfall.io/sets/star.svg?1705294800
te01,e01,Archenemy: Nicol Bolas Tokens,token,,2017-09-08,https://svgs.scryfall.io/sets/e01.svg?1705294800
oc17,c17,Commander 2017 Oversized,memorabilia,Commander,2017-08-25,https://svgs.scryfall.io/sets/c17.svg?1705294800
tc17,c17,Commander 2017 Tokens,token,Commander,2017-08-25,https://svgs.scryfall.io/sets/c17.svg?1705294800
c17,,Commander 2017,commander,Commander,2017-08-25,https://svgs.scryfall.io/sets/c17.svg?1705294800
ps17,,San Diego Comic-Con 2017,promo,,2017-07-20,https://svgs.scryfall.io/sets/default.svg?1705294800
phou,hou,Hour of Devastation Promos,promo,Amonkhet,2017-07-14,https://svgs.scryfall.io/sets/hou.svg?1705294800
hou,,Hour of Devastation,expansion,Amonkhet,2017-07-14,https://svgs.scryfall.io/sets/hou.svg?1705294800
thou,hou,Hour of Devastation Tokens,token,Amonkhet,2017-07-14,https://svgs.scryfall.io/sets/hou.svg?1705294800
oe01,e01,Archenemy: Nicol Bolas Schemes,archenemy,,2017-06-16,https://svgs.scryfall.io/sets/e01.svg?1705294800
e01,,Archenemy: Nicol Bolas,archenemy,,2017-06-16,https://svgs.scryfall.io/sets/e01.svg?1705294800
tcma,cma,Commander Anthology Tokens,token,Commander,2017-06-09,https://svgs.scryfall.io/sets/cma.svg?1705294800
cma,,Commander Anthology,commander,Commander,2017-06-09,https://svgs.scryfall.io/sets/cma.svg?1705294800
pakh,akh,Amonkhet Promos,promo,Amonkhet,2017-04-28,https://svgs.scryfall.io/sets/akh.svg?1705294800
akh,,Amonkhet,expansion,Amonkhet,2017-04-28,https://svgs.scryfall.io/sets/akh.svg?1705294800
takh,akh,Amonkhet Tokens,token,Amonkhet,2017-04-28,https://svgs.scryfall.io/sets/akh.svg?1705294800
mp2,akh,Amonkhet Invocations,masterpiece,Amonkhet,2017-04-28,https://svgs.scryfall.io/sets/mp2.svg?1705294800
w17,,Welcome Deck 2017,starter,,2017-04-15,https://svgs.scryfall.io/sets/w17.svg?1705294800
tdds,dds,Duel Decks: Mind vs. Might Tokens,token,,2017-03-31,https://svgs.scryfall.io/sets/dds.svg?1705294800
dds,,Duel Decks: Mind vs. Might,duel_deck,,2017-03-31,https://svgs.scryfall.io/sets/dds.svg?1705294800
mm3,,Modern Masters 2017,masters,,2017-03-17,https://svgs.scryfall.io/sets/mm3.svg?1705294800
tmm3,mm3,Modern Masters 2017 Tokens,token,,2017-03-17,https://svgs.scryfall.io/sets/mm3.svg?1705294800
paer,aer,Aether Revolt Promos,promo,Kaladesh,2017-01-20,https://svgs.scryfall.io/sets/aer.svg?1705294800
taer,aer,Aether Revolt Tokens,token,Kaladesh,2017-01-20,https://svgs.scryfall.io/sets/aer.svg?1705294800
aer,,Aether Revolt,expansion,Kaladesh,2017-01-20,https://svgs.scryfall.io/sets/aer.svg?1705294800
l17,,League Tokens 2017,token,,2017-01-01,https://svgs.scryfall.io/sets/default.svg?1705294800
j17,,Judge Gift Cards 2017,promo,Judge Gift Cards,2017-01-01,https://svgs.scryfall.io/sets/star.svg?1705294800
f17,,Friday Night Magic 2017,promo,Friday Night Magic,2017-01-01,https://svgs.scryfall.io/sets/star.svg?1705294800
tpca,pca,Planechase Anthology Tokens,token,,2016-11-25,https://svgs.scryfall.io/sets/pca.svg?1705294800
pca,,Planechase Anthology,planechase,,2016-11-25,https://svgs.scryfall.io/sets/pca.svg?1705294800
pz2,,Treasure Chest,treasure_chest,,2016-11-16,https://svgs.scryfall.io/sets/pz2.svg?1705294800
oc16,c16,Commander 2016 Oversized,memorabilia,Commander,2016-11-11,https://svgs.scryfall.io/sets/c16.svg?1705294800
c16,,Commander 2016,commander,Commander,2016-11-11,https://svgs.scryfall.io/sets/c16.svg?1705294800
tc16,c16,Commander 2016 Tokens,token,Commander,2016-11-11,https://svgs.scryfall.io/sets/c16.svg?1705294800
ps16,,San Diego Comic-Con 2016,promo,,2016-10-01,https://svgs.scryfall.io/sets/default.svg?1705294800
pkld,kld,Kaladesh Promos,promo,Kaladesh,2016-09-30,https://svgs.scryfall.io/sets/kld.svg?1705294800
kld,,Kaladesh,expansion,Kaladesh,2016-09-30,https://svgs.scryfall.io/sets/kld.svg?1705294800
tkld,kld,Kaladesh Tokens,token,Kaladesh,2016-09-30,https://svgs.scryfall.io/sets/kld.svg?1705294800
mps,kld,Kaladesh Inventions,masterpiece,Kaladesh,2016-09-30,https://svgs.scryfall.io/sets/mps.svg?1705294800
ddr,,Duel Decks: Nissa vs. Ob Nixilis,duel_deck,,2016-09-02,https://svgs.scryfall.io/sets/ddr.svg?1705294800
cn2,,Conspiracy: Take the Crown,draft_innovation,Conspiracy,2016-08-26,https://svgs.scryfall.io/sets/cn2.svg?1705294800
tcn2,cn2,Conspiracy: Take the Crown Tokens,token,Conspiracy,2016-08-26,https://svgs.scryfall.io/sets/cn2.svg?1705294800
v16,,From the Vault: Lore,from_the_vault,,2016-08-19,https://svgs.scryfall.io/sets/v16.svg?1705294800
pemn,emn,Eldritch Moon Promos,promo,Shadows over Innistrad,2016-07-22,https://svgs.scryfall.io/sets/emn.svg?1705294800
temn,emn,Eldritch Moon Tokens,token,Shadows over Innistrad,2016-07-22,https://svgs.scryfall.io/sets/emn.svg?1705294800
emn,,Eldritch Moon,expansion,Shadows over Innistrad,2016-07-22,https://svgs.scryfall.io/sets/emn.svg?1705294800
tema,ema,Eternal Masters Tokens,token,,2016-06-10,https://svgs.scryfall.io/sets/ema.svg?1705294800
ema,,Eternal Masters,masters,,2016-06-10,https://svgs.scryfall.io/sets/ema.svg?1705294800
psoi,soi,Shadows over Innistrad Promos,promo,Shadows over Innistrad,2016-04-08,https://svgs.scryfall.io/sets/soi.svg?1705294800
tsoi,soi,Shadows over Innistrad Tokens,token,Shadows over Innistrad,2016-04-08,https://svgs.scryfall.io/sets/soi.svg?1705294800
w16,,Welcome Deck 2016,starter,,2016-04-08,https://svgs.scryfall.io/sets/w16.svg?1705294800
soi,,Shadows over Innistrad,expansion,Shadows over Innistrad,2016-04-08,https://svgs.scryfall.io/sets/soi.svg?1705294800
ddq,,Duel Decks: Blessed vs. Cursed,duel_deck,,2016-02-26,https://svgs.scryfall.io/sets/ddq.svg?1705294800
togw,ogw,Oath of the Gatewatch Tokens,token,Battle for Zendikar,2016-01-22,https://svgs.scryfall.io/sets/ogw.svg?1705294800
ogw,,Oath of the Gatewatch,expansion,Battle for Zendikar,2016-01-22,https://svgs.scryfall.io/sets/ogw.svg?1705294800
pogw,ogw,Oath of the Gatewatch Promos,promo,Battle for Zendikar,2016-01-22,https://svgs.scryfall.io/sets/ogw.svg?1705294800
l16,,League Tokens 2016,token,,2016-01-01,https://svgs.scryfall.io/sets/default.svg?1705294800
j16,,Judge Gift Cards 2016,promo,Judge Gift Cards,2016-01-01,https://svgs.scryfall.io/sets/star.svg?1705294800
f16,,Friday Night Magic 2016,promo,Friday Night Magic,2016-01-01,https://svgs.scryfall.io/sets/star.svg?1705294800
pz1,,Legendary Cube Prize Pack,treasure_chest,,2015-11-18,https://svgs.scryfall.io/sets/pz1.svg?1705294800
oc15,c15,Commander 2015 Oversized,memorabilia,Commander,2015-11-13,https://svgs.scryfall.io/sets/c15.svg?1705294800
tc15,c15,Commander 2015 Tokens,token,Commander,2015-11-13,https://svgs.scryfall.io/sets/c15.svg?1705294800
c15,,Commander 2015,commander,Commander,2015-11-13,https://svgs.scryfall.io/sets/c15.svg?1705294800
tbfz,bfz,Battle for Zendikar Tokens,token,Battle for Zendikar,2015-10-02,https://svgs.scryfall.io/sets/bfz.svg?1705294800
bfz,,Battle for Zendikar,expansion,Battle for Zendikar,2015-10-02,https://svgs.scryfall.io/sets/bfz.svg?1705294800
pbfz,bfz,Battle for Zendikar Promos,promo,Battle for Zendikar,2015-10-02,https://svgs.scryfall.io/sets/bfz.svg?1705294800
pss1,bfz,BFZ Standard Series,promo,Battle for Zendikar,2015-10-02,https://svgs.scryfall.io/sets/bfz.svg?1705294800
exp,bfz,Zendikar Expeditions,masterpiece,Battle for Zendikar,2015-10-02,https://svgs.scryfall.io/sets/exp.svg?1705294800
ddp,,Duel Decks: Zendikar vs. Eldrazi,duel_deck,,2015-08-28,https://svgs.scryfall.io/sets/ddp.svg?1705294800
v15,,From the Vault: Angels,from_the_vault,,2015-08-21,https://svgs.scryfall.io/sets/v15.svg?1705294800
cp3,ori,Magic Origins Clash Pack,starter,,2015-07-17,https://svgs.scryfall.io/sets/star.svg?1705294800
pori,ori,Magic Origins Promos,promo,,2015-07-17,https://svgs.scryfall.io/sets/ori.svg?1705294800
tori,ori,Magic Origins Tokens,token,,2015-07-17,https://svgs.scryfall.io/sets/ori.svg?1705294800
ori,,Magic Origins,core,Core Set,2015-07-17,https://svgs.scryfall.io/sets/ori.svg?1705294800
ps15,,San Diego Comic-Con 2015,promo,,2015-07-09,https://svgs.scryfall.io/sets/ori.svg?1705294800
tmm2,mm2,Modern Masters 2015 Tokens,token,,2015-05-22,https://svgs.scryfall.io/sets/mm2.svg?1705294800
mm2,,Modern Masters 2015,masters,,2015-05-22,https://svgs.scryfall.io/sets/mm2.svg?1705294800
tpr,,Tempest Remastered,masters,,2015-05-06,https://svgs.scryfall.io/sets/tpr.svg?1705294800
ptkdf,dtk,Tarkir Dragonfury,promo,Khans of Tarkir,2015-04-03,https://svgs.scryfall.io/sets/dtk.svg?1705294800
pdtk,dtk,Dragons of Tarkir Promos,promo,Khans of Tarkir,2015-03-27,https://svgs.scryfall.io/sets/dtk.svg?1705294800
tdtk,dtk,Dragons of Tarkir Tokens,token,Khans of Tarkir,2015-03-27,https://svgs.scryfall.io/sets/dtk.svg?1705294800
dtk,,Dragons of Tarkir,expansion,Khans of Tarkir,2015-03-27,https://svgs.scryfall.io/sets/dtk.svg?1705294800
ddo,,Duel Decks: Elspeth vs. Kiora,duel_deck,,2015-02-27,https://svgs.scryfall.io/sets/ddo.svg?1705294800
pfrf,frf,Fate Reforged Promos,promo,Khans of Tarkir,2015-01-23,https://svgs.scryfall.io/sets/frf.svg?1705294800
cp2,frf,Fate Reforged Clash Pack,starter,Khans of Tarkir,2015-01-23,https://svgs.scryfall.io/sets/star.svg?1705294800
tfrf,frf,Fate Reforged Tokens,token,Khans of Tarkir,2015-01-23,https://svgs.scryfall.io/sets/frf.svg?1705294800
frf,,Fate Reforged,expansion,Khans of Tarkir,2015-01-23,https://svgs.scryfall.io/sets/frf.svg?1705294800
ugin,frf,Ugin's Fate,promo,Khans of Tarkir,2015-01-17,https://svgs.scryfall.io/sets/frf.svg?1705294800
l15,,League Tokens 2015,token,,2015-01-01,https://svgs.scryfall.io/sets/default.svg?1705294800
f15,,Friday Night Magic 2015,promo,Friday Night Magic,2015-01-01,https://svgs.scryfall.io/sets/star.svg?1705294800
j15,,Judge Gift Cards 2015,promo,Judge Gift Cards,2015-01-01,https://svgs.scryfall.io/sets/star.svg?1705294800
tjvc,jvc,Duel Decks Anthology: Jace vs. Chandra Tokens,token,,2014-12-05,https://svgs.scryfall.io/sets/dd2.svg?1705294800
tdvd,dvd,Duel Decks Anthology: Divine vs. Demonic Tokens,token,,2014-12-05,https://svgs.scryfall.io/sets/ddc.svg?1705294800
tgvl,gvl,Duel Decks Anthology: Garruk vs. Liliana Tokens,token,,2014-12-05,https://svgs.scryfall.io/sets/ddd.svg?1705294800
tevg,evg,Duel Decks Anthology: Elves vs. Goblins Tokens,token,,2014-12-05,https://svgs.scryfall.io/sets/dd1.svg?1705294800
evg,,Duel Decks Anthology: Elves vs. Goblins,duel_deck,,2014-12-05,https://svgs.scryfall.io/sets/dd1.svg?1705294800
jvc,,Duel Decks Anthology: Jace vs. Chandra,duel_deck,,2014-12-05,https://svgs.scryfall.io/sets/dd2.svg?1705294800
gvl,,Duel Decks Anthology: Garruk vs. Liliana,duel_deck,,2014-12-05,https://svgs.scryfall.io/sets/ddd.svg?1705294800
dvd,,Duel Decks Anthology: Divine vs. Demonic,duel_deck,,2014-12-05,https://svgs.scryfall.io/sets/ddc.svg?1705294800
oc14,c14,Commander 2014 Oversized,memorabilia,Commander,2014-11-07,https://svgs.scryfall.io/sets/c14.svg?1705294800
c14,,Commander 2014,commander,Commander,2014-11-07,https://svgs.scryfall.io/sets/c14.svg?1705294800
tc14,c14,Commander 2014 Tokens,token,Commander,2014-11-07,https://svgs.scryfall.io/sets/c14.svg?1705294800
pktk,ktk,Khans of Tarkir Promos,promo,Khans of Tarkir,2014-09-26,https://svgs.scryfall.io/sets/ktk.svg?1705294800
ktk,,Khans of Tarkir,expansion,Khans of Tarkir,2014-09-26,https://svgs.scryfall.io/sets/ktk.svg?1705294800
tktk,ktk,Khans of Tarkir Tokens,token,Khans of Tarkir,2014-09-26,https://svgs.scryfall.io/sets/ktk.svg?1705294800
ddn,,Duel Decks: Speed vs. Cunning,duel_deck,,2014-09-05,https://svgs.scryfall.io/sets/ddn.svg?1705294800
v14,,From the Vault: Annihilation,from_the_vault,,2014-08-22,https://svgs.scryfall.io/sets/v14.svg?1705294800
tm15,m15,Magic 2015 Tokens,token,,2014-07-18,https://svgs.scryfall.io/sets/m15.svg?1705294800
m15,,Magic 2015,core,Core Set,2014-07-18,https://svgs.scryfall.io/sets/m15.svg?1705294800
cp1,m15,Magic 2015 Clash Pack,starter,,2014-07-18,https://svgs.scryfall.io/sets/star.svg?1705294800
pm15,m15,Magic 2015 Promos,promo,,2014-07-17,https://svgs.scryfall.io/sets/m15.svg?1705294800
ppc1,m15,M15 Prerelease Challenge,memorabilia,,2014-07-12,https://svgs.scryfall.io/sets/m15.svg?1705294800
pdp15,,Duels of the Planeswalkers 2015 Promos ,promo,,2014-07-09,https://svgs.scryfall.io/sets/m15.svg?1705294800
ps14,,San Diego Comic-Con 2014,promo,,2014-07-08,https://svgs.scryfall.io/sets/default.svg?1705294800
vma,,Vintage Masters,masters,,2014-06-16,https://svgs.scryfall.io/sets/vma.svg?1705294800
pcns,cns,Conspiracy Promos,promo,Conspiracy,2014-06-06,https://svgs.scryfall.io/sets/cns.svg?1705294800
tcns,cns,Conspiracy Tokens,token,Conspiracy,2014-06-06,https://svgs.scryfall.io/sets/cns.svg?1705294800
cns,,Conspiracy,draft_innovation,Conspiracy,2014-06-06,https://svgs.scryfall.io/sets/cns.svg?1705294800
tmd1,md1,Modern Event Deck 2014 Tokens,token,,2014-05-30,https://svgs.scryfall.io/sets/md1.svg?1705294800
md1,,Modern Event Deck 2014,box,,2014-05-30,https://svgs.scryfall.io/sets/md1.svg?1705294800
tdag,jou,Defeat a God,token,Theros,2014-05-25,https://svgs.scryfall.io/sets/jou.svg?1705294800
thp3,jou,Journey into Nyx Hero's Path,memorabilia,Theros,2014-05-02,https://svgs.scryfall.io/sets/jou.svg?1705294800
tjou,jou,Journey into Nyx Tokens,token,Theros,2014-05-02,https://svgs.scryfall.io/sets/jou.svg?1705294800
jou,,Journey into Nyx,expansion,Theros,2014-05-02,https://svgs.scryfall.io/sets/jou.svg?1705294800
pjou,jou,Journey into Nyx Promos,promo,Theros,2014-04-26,https://svgs.scryfall.io/sets/jou.svg?1705294800
tddm,ddm,Duel Decks: Jace vs. Vraska Tokens,token,,2014-03-14,https://svgs.scryfall.io/sets/ddm.svg?1705294800
ddm,,Duel Decks: Jace vs. Vraska,duel_deck,,2014-03-14,https://svgs.scryfall.io/sets/ddm.svg?1705294800
tbth,bng,Battle the Horde,token,Theros,2014-03-01,https://svgs.scryfall.io/sets/bng.svg?1705294800
bng,,Born of the Gods,expansion,Theros,2014-02-07,https://svgs.scryfall.io/sets/bng.svg?1705294800
tbng,bng,Born of the Gods Tokens,token,Theros,2014-02-07,https://svgs.scryfall.io/sets/bng.svg?1705294800
thp2,bng,Born of the Gods Hero's Path,memorabilia,Theros,2014-02-07,https://svgs.scryfall.io/sets/bng.svg?1705294800
pbng,bng,Born of the Gods Promos,promo,Theros,2014-02-01,https://svgs.scryfall.io/sets/bng.svg?1705294800
l14,,League Tokens 2014,token,,2014-01-01,https://svgs.scryfall.io/sets/default.svg?1705294800
f14,,Friday Night Magic 2014,promo,Friday Night Magic,2014-01-01,https://svgs.scryfall.io/sets/star.svg?1705294800
j14,,Judge Gift Cards 2014,promo,Judge Gift Cards,2014-01-01,https://svgs.scryfall.io/sets/star.svg?1705294800
oc13,c13,Commander 2013 Oversized,memorabilia,Commander,2013-11-01,https://svgs.scryfall.io/sets/c13.svg?1705294800
c13,,Commander 2013,commander,Commander,2013-11-01,https://svgs.scryfall.io/sets/c13.svg?1705294800
tfth,ths,Face the Hydra,token,Theros,2013-10-19,https://svgs.scryfall.io/sets/ths.svg?1705294800
ths,,Theros,expansion,Theros,2013-09-27,https://svgs.scryfall.io/sets/ths.svg?1705294800
tths,ths,Theros Tokens,token,Theros,2013-09-27,https://svgs.scryfall.io/sets/ths.svg?1705294800
thp1,ths,Theros Hero's Path,memorabilia,Theros,2013-09-27,https://svgs.scryfall.io/sets/ths.svg?1705294800
pths,ths,Theros Promos,promo,Theros,2013-09-21,https://svgs.scryfall.io/sets/ths.svg?1705294800
tddl,ddl,Duel Decks: Heroes vs. Monsters Tokens,token,,2013-09-06,https://svgs.scryfall.io/sets/ddl.svg?1705294800
ddl,,Duel Decks: Heroes vs. Monsters,duel_deck,,2013-09-06,https://svgs.scryfall.io/sets/ddl.svg?1705294800
v13,,From the Vault: Twenty,from_the_vault,,2013-08-23,https://svgs.scryfall.io/sets/v13.svg?1705294800
tm14,m14,Magic 2014 Tokens,token,,2013-07-19,https://svgs.scryfall.io/sets/m14.svg?1705294800
m14,,Magic 2014,core,Core Set,2013-07-19,https://svgs.scryfall.io/sets/m14.svg?1705294800
pm14,m14,Magic 2014 Promos,promo,,2013-07-18,https://svgs.scryfall.io/sets/m14.svg?1705294800
psdc,,San Diego Comic-Con 2013,promo,,2013-07-18,https://svgs.scryfall.io/sets/default.svg?1705294800
mma,,Modern Masters,masters,,2013-06-07,https://svgs.scryfall.io/sets/mma.svg?1705294800
tmma,mma,Modern Masters Tokens,token,,2013-06-07,https://svgs.scryfall.io/sets/mma.svg?1705294800
dgm,,Dragon's Maze,expansion,Return to Ravnica,2013-05-03,https://svgs.scryfall.io/sets/dgm.svg?1705294800
tdgm,dgm,Dragon's Maze Tokens,token,Return to Ravnica,2013-05-03,https://svgs.scryfall.io/sets/dgm.svg?1705294800
pdgm,dgm,Dragon's Maze Promos,promo,Return to Ravnica,2013-04-27,https://svgs.scryfall.io/sets/dgm.svg?1705294800
wmc,,World Magic Cup Qualifiers,promo,,2013-04-06,https://svgs.scryfall.io/sets/star.svg?1705294800
tddk,ddk,Duel Decks: Sorin vs. Tibalt Tokens,token,,2013-03-15,https://svgs.scryfall.io/sets/ddk.svg?1705294800
ddk,,Duel Decks: Sorin vs. Tibalt,duel_deck,,2013-03-15,https://svgs.scryfall.io/sets/ddk.svg?1705294800
gtc,,Gatecrash,expansion,Return to Ravnica,2013-02-01,https://svgs.scryfall.io/sets/gtc.svg?1705294800
tgtc,gtc,Gatecrash Tokens,token,Return to Ravnica,2013-02-01,https://svgs.scryfall.io/sets/gtc.svg?1705294800
pgtc,gtc,Gatecrash Promos,promo,Return to Ravnica,2013-01-26,https://svgs.scryfall.io/sets/gtc.svg?1705294800
pdp14,,Duels of the Planeswalkers 2014 Promos ,promo,,2013-01-01,https://svgs.scryfall.io/sets/m14.svg?1705294800
l13,,League Tokens 2013,token,,2013-01-01,https://svgs.scryfall.io/sets/default.svg?1705294800
j13,,Judge Gift Cards 2013,promo,Judge Gift Cards,2013-01-01,https://svgs.scryfall.io/sets/star.svg?1705294800
f13,,Friday Night Magic 2013,promo,Friday Night Magic,2013-01-01,https://svgs.scryfall.io/sets/star.svg?1705294800
ocm1,cm1,Commander's Arsenal Oversized,memorabilia,Commander,2012-11-02,https://svgs.scryfall.io/sets/cm1.svg?1705294800
cm1,,Commander's Arsenal,arsenal,Commander,2012-11-02,https://svgs.scryfall.io/sets/cm1.svg?1705294800
rtr,,Return to Ravnica,expansion,Return to Ravnica,2012-10-05,https://svgs.scryfall.io/sets/rtr.svg?1705294800
prtr,rtr,Return to Ravnica Promos,promo,Return to Ravnica,2012-10-05,https://svgs.scryfall.io/sets/rtr.svg?1705294800
trtr,rtr,Return to Ravnica Tokens,token,Return to Ravnica,2012-10-05,https://svgs.scryfall.io/sets/rtr.svg?1705294800
ddj,,Duel Decks: Izzet vs. Golgari,duel_deck,,2012-09-07,https://svgs.scryfall.io/sets/ddj.svg?1705294800
tddj,ddj,Duel Decks: Izzet vs. Golgari Tokens,token,,2012-09-07,https://svgs.scryfall.io/sets/ddj.svg?1705294800
v12,,From the Vault: Realms,from_the_vault,,2012-08-31,https://svgs.scryfall.io/sets/v12.svg?1705294800
m13,,Magic 2013,core,Core Set,2012-07-13,https://svgs.scryfall.io/sets/m13.svg?1705294800
tm13,m13,Magic 2013 Tokens,token,,2012-07-13,https://svgs.scryfall.io/sets/m13.svg?1705294800
pm13,m13,Magic 2013 Promos,promo,,2012-07-12,https://svgs.scryfall.io/sets/m13.svg?1705294800
opc2,pc2,Planechase 2012 Planes,planechase,,2012-06-01,https://svgs.scryfall.io/sets/pc2.svg?1705294800
pc2,,Planechase 2012,planechase,,2012-06-01,https://svgs.scryfall.io/sets/pc2.svg?1705294800
tavr,avr,Avacyn Restored Tokens,token,Innistrad,2012-05-04,https://svgs.scryfall.io/sets/avr.svg?1705294800
avr,,Avacyn Restored,expansion,Innistrad,2012-05-04,https://svgs.scryfall.io/sets/avr.svg?1705294800
phel,avr,Open the Helvault,memorabilia,,2012-04-28,https://svgs.scryfall.io/sets/avr.svg?1705294800
pavr,avr,Avacyn Restored Promos,promo,Innistrad,2012-04-28,https://svgs.scryfall.io/sets/avr.svg?1705294800
ddi,,Duel Decks: Venser vs. Koth,duel_deck,,2012-03-30,https://svgs.scryfall.io/sets/ddi.svg?1705294800
tddi,ddi,Duel Decks: Venser vs. Koth Tokens,token,,2012-03-30,https://svgs.scryfall.io/sets/ddi.svg?1705294800
dka,,Dark Ascension,expansion,Innistrad,2012-02-03,https://svgs.scryfall.io/sets/dka.svg?1705294800
tdka,dka,Dark Ascension Tokens,token,Innistrad,2012-02-03,https://svgs.scryfall.io/sets/dka.svg?1705294800
pdka,dka,Dark Ascension Promos,promo,Innistrad,2012-01-28,https://svgs.scryfall.io/sets/dka.svg?1705294800
pw12,,Wizards Play Network 2012,promo,,2012-01-01,https://svgs.scryfall.io/sets/star.svg?1705294800
pdp13,,Duels of the Planeswalkers 2013 Promos ,promo,,2012-01-01,https://svgs.scryfall.io/sets/m13.svg?1705294800
pidw,,IDW Comics Inserts,promo,,2012-01-01,https://svgs.scryfall.io/sets/pidw.svg?1705294800
l12,,League Tokens 2012,token,,2012-01-01,https://svgs.scryfall.io/sets/default.svg?1705294800
f12,,Friday Night Magic 2012,promo,Friday Night Magic,2012-01-01,https://svgs.scryfall.io/sets/star.svg?1705294800
j12,,Judge Gift Cards 2012,promo,Judge Gift Cards,2012-01-01,https://svgs.scryfall.io/sets/star.svg?1705294800
pd3,,Premium Deck Series: Graveborn,premium_deck,,2011-11-18,https://svgs.scryfall.io/sets/pd3.svg?1705294800
isd,,Innistrad,expansion,Innistrad,2011-09-30,https://svgs.scryfall.io/sets/isd.svg?1705294800
tisd,isd,Innistrad Tokens,token,Innistrad,2011-09-30,https://svgs.scryfall.io/sets/isd.svg?1705294800
pisd,isd,Innistrad Promos,promo,Innistrad,2011-09-24,https://svgs.scryfall.io/sets/isd.svg?1705294800
ddh,,Duel Decks: Ajani vs. Nicol Bolas,duel_deck,,2011-09-02,https://svgs.scryfall.io/sets/ddh.svg?1705294800
tddh,ddh,Duel Decks: Ajani vs. Nicol Bolas Tokens,token,,2011-09-02,https://svgs.scryfall.io/sets/ddh.svg?1705294800
v11,,From the Vault: Legends,from_the_vault,,2011-08-26,https://svgs.scryfall.io/sets/v11.svg?1705294800
m12,,Magic 2012,core,Core Set,2011-07-15,https://svgs.scryfall.io/sets/m12.svg?1705294800
tm12,m12,Magic 2012 Tokens,token,,2011-07-15,https://svgs.scryfall.io/sets/m12.svg?1705294800
pm12,m12,Magic 2012 Promos,promo,,2011-07-14,https://svgs.scryfall.io/sets/m12.svg?1705294800
ocmd,cmd,Commander 2011 Oversized,memorabilia,Commander,2011-06-17,https://svgs.scryfall.io/sets/cmd.svg?1705294800
pcmd,cmd,Commander 2011 Launch Party,memorabilia,Commander,2011-06-17,https://svgs.scryfall.io/sets/cmd.svg?1705294800
cmd,,Commander 2011,commander,Commander,2011-06-17,https://svgs.scryfall.io/sets/cmd.svg?1705294800
td2,,Duel Decks: Mirrodin Pure vs. New Phyrexia,duel_deck,,2011-05-14,https://svgs.scryfall.io/sets/td2.svg?1705294800
tnph,nph,New Phyrexia Tokens,token,Scars of Mirrodin,2011-05-13,https://svgs.scryfall.io/sets/nph.svg?1705294800
nph,,New Phyrexia,expansion,Scars of Mirrodin,2011-05-13,https://svgs.scryfall.io/sets/nph.svg?1705294800
pnph,nph,New Phyrexia Promos,promo,Scars of Mirrodin,2011-05-12,https://svgs.scryfall.io/sets/nph.svg?1705294800
tddg,ddg,Duel Decks: Knights vs. Dragons Tokens,token,,2011-04-01,https://svgs.scryfall.io/sets/ddg.svg?1705294800
ddg,,Duel Decks: Knights vs. Dragons,duel_deck,,2011-04-01,https://svgs.scryfall.io/sets/ddg.svg?1705294800
mbs,,Mirrodin Besieged,expansion,Scars of Mirrodin,2011-02-04,https://svgs.scryfall.io/sets/mbs.svg?1705294800
tmbs,mbs,Mirrodin Besieged Tokens,token,Scars of Mirrodin,2011-02-04,https://svgs.scryfall.io/sets/mbs.svg?1705294800
pmbs,mbs,Mirrodin Besieged Promos,promo,Scars of Mirrodin,2011-02-03,https://svgs.scryfall.io/sets/mbs.svg?1705294800
me4,,Masters Edition IV,masters,,2011-01-10,https://svgs.scryfall.io/sets/me4.svg?1705294800
pmps11,,Magic Premiere Shop 2011,promo,,2011-01-01,https://svgs.scryfall.io/sets/pmps.svg?1705294800
pdp12,,Duels of the Planeswalkers 2012 Promos ,promo,,2011-01-01,https://svgs.scryfall.io/sets/pmtg2.svg?1705294800
pw11,,Wizards Play Network 2011,promo,,2011-01-01,https://svgs.scryfall.io/sets/star.svg?1705294800
g11,,Judge Gift Cards 2011,promo,Judge Gift Cards,2011-01-01,https://svgs.scryfall.io/sets/dci.svg?1705294800
ps11,,Salvat 2011,box,,2011-01-01,https://svgs.scryfall.io/sets/psal.svg?1705294800
olgc,,Legacy Championship,memorabilia,,2011-01-01,https://svgs.scryfall.io/sets/pmei.svg?1705294800
p11,,Magic Player Rewards 2011,promo,Magic Player Rewards,2011-01-01,https://svgs.scryfall.io/sets/default.svg?1705294800
f11,,Friday Night Magic 2011,promo,Friday Night Magic,2011-01-01,https://svgs.scryfall.io/sets/star.svg?1705294800
pd2,,Premium Deck Series: Fire and Lightning,premium_deck,,2010-11-19,https://svgs.scryfall.io/sets/pd2.svg?1705294800
td0,,Magic Online Theme Decks,box,,2010-11-08,https://svgs.scryfall.io/sets/td0.svg?1705294800
tsom,som,Scars of Mirrodin Tokens,token,Scars of Mirrodin,2010-10-01,https://svgs.scryfall.io/sets/som.svg?1705294800
som,,Scars of Mirrodin,expansion,Scars of Mirrodin,2010-10-01,https://svgs.scryfall.io/sets/som.svg?1705294800
psom,som,Scars of Mirrodin Promos,promo,Scars of Mirrodin,2010-09-30,https://svgs.scryfall.io/sets/som.svg?1705294800
tddf,ddf,Duel Decks: Elspeth vs. Tezzeret Tokens,token,,2010-09-03,https://svgs.scryfall.io/sets/ddf.svg?1705294800
ddf,,Duel Decks: Elspeth vs. Tezzeret,duel_deck,,2010-09-03,https://svgs.scryfall.io/sets/ddf.svg?1705294800
v10,,From the Vault: Relics,from_the_vault,,2010-08-27,https://svgs.scryfall.io/sets/v10.svg?1705294800
m11,,Magic 2011,core,Core Set,2010-07-16,https://svgs.scryfall.io/sets/m11.svg?1705294800
tm11,m11,Magic 2011 Tokens,token,,2010-07-16,https://svgs.scryfall.io/sets/m11.svg?1705294800
pm11,m11,Magic 2011 Promos,promo,,2010-07-15,https://svgs.scryfall.io/sets/m11.svg?1705294800
oarc,arc,Archenemy Schemes,archenemy,,2010-06-18,https://svgs.scryfall.io/sets/arc.svg?1705294800
arc,,Archenemy,archenemy,,2010-06-18,https://svgs.scryfall.io/sets/arc.svg?1705294800
dpa,,Duels of the Planeswalkers,box,,2010-06-04,https://svgs.scryfall.io/sets/dpa.svg?1705294800
proe,roe,Rise of the Eldrazi Promos,promo,Zendikar,2010-04-23,https://svgs.scryfall.io/sets/roe.svg?1705294800
troe,roe,Rise of the Eldrazi Tokens,token,Zendikar,2010-04-23,https://svgs.scryfall.io/sets/roe.svg?1705294800
roe,,Rise of the Eldrazi,expansion,Zendikar,2010-04-23,https://svgs.scryfall.io/sets/roe.svg?1705294800
dde,,Duel Decks: Phyrexia vs. the Coalition,duel_deck,,2010-03-19,https://svgs.scryfall.io/sets/dde.svg?1705294800
tdde,dde,Duel Decks: Phyrexia vs. the Coalition Tokens,token,,2010-03-19,https://svgs.scryfall.io/sets/dde.svg?1705294800
pwwk,wwk,Worldwake Promos,promo,Zendikar,2010-02-05,https://svgs.scryfall.io/sets/wwk.svg?1705294800
wwk,,Worldwake,expansion,Zendikar,2010-02-05,https://svgs.scryfall.io/sets/wwk.svg?1705294800
twwk,wwk,Worldwake Tokens,token,Zendikar,2010-02-05,https://svgs.scryfall.io/sets/wwk.svg?1705294800
pdp10,,Duels of the Planeswalkers 2010 Promos ,promo,,2010-01-01,https://svgs.scryfall.io/sets/pmtg2.svg?1705294800
pmps10,,Magic Premiere Shop 2010,promo,,2010-01-01,https://svgs.scryfall.io/sets/pmps.svg?1705294800
f10,,Friday Night Magic 2010,promo,Friday Night Magic,2010-01-01,https://svgs.scryfall.io/sets/dci.svg?1705294800
p10,,Magic Player Rewards 2010,promo,Magic Player Rewards,2010-01-01,https://svgs.scryfall.io/sets/default.svg?1705294800
g10,,Judge Gift Cards 2010,promo,Judge Gift Cards,2010-01-01,https://svgs.scryfall.io/sets/dci.svg?1705294800
h09,,Premium Deck Series: Slivers,premium_deck,,2009-11-20,https://svgs.scryfall.io/sets/h09.svg?1705294800
tddd,ddd,Duel Decks: Garruk vs. Liliana Tokens,token,,2009-10-30,https://svgs.scryfall.io/sets/ddd.svg?1705294800
ddd,,Duel Decks: Garruk vs. Liliana,duel_deck,,2009-10-30,https://svgs.scryfall.io/sets/ddd.svg?1705294800
pzen,zen,Zendikar Promos,promo,Zendikar,2009-10-02,https://svgs.scryfall.io/sets/zen.svg?1705294800
zen,,Zendikar,expansion,Zendikar,2009-10-02,https://svgs.scryfall.io/sets/zen.svg?1705294800
tzen,zen,Zendikar Tokens,token,Zendikar,2009-10-02,https://svgs.scryfall.io/sets/zen.svg?1705294800
me3,,Masters Edition III,masters,,2009-09-07,https://svgs.scryfall.io/sets/me3.svg?1705294800
ohop,hop,Planechase Planes,planechase,,2009-09-04,https://svgs.scryfall.io/sets/hop.svg?1705294800
hop,,Planechase,planechase,,2009-09-04,https://svgs.scryfall.io/sets/hop.svg?1705294800
phop,hop,Planechase Promos,promo,,2009-09-04,https://svgs.scryfall.io/sets/dci.svg?1705294800
v09,,From the Vault: Exiled,from_the_vault,,2009-08-28,https://svgs.scryfall.io/sets/v09.svg?1705294800
m10,,Magic 2010,core,Core Set,2009-07-17,https://svgs.scryfall.io/sets/m10.svg?1705294800
tm10,m10,Magic 2010 Tokens,token,,2009-07-17,https://svgs.scryfall.io/sets/m10.svg?1705294800
pm10,m10,Magic 2010 Promos,promo,,2009-07-16,https://svgs.scryfall.io/sets/m10.svg?1705294800
parb,arb,Alara Reborn Promos,promo,Alara,2009-04-30,https://svgs.scryfall.io/sets/arb.svg?1705294800
tarb,arb,Alara Reborn Tokens,token,Alara,2009-04-30,https://svgs.scryfall.io/sets/arb.svg?1705294800
arb,,Alara Reborn,expansion,Alara,2009-04-30,https://svgs.scryfall.io/sets/arb.svg?1705294800
tddc,ddc,Duel Decks: Divine vs. Demonic Tokens,token,,2009-04-10,https://svgs.scryfall.io/sets/ddc.svg?1705294800
ddc,,Duel Decks: Divine vs. Demonic,duel_deck,,2009-04-10,https://svgs.scryfall.io/sets/ddc.svg?1705294800
purl,,URL/Convention Promos,promo,,2009-02-08,https://svgs.scryfall.io/sets/star.svg?1705294800
pcon,con,Conflux Promos,promo,Alara,2009-02-06,https://svgs.scryfall.io/sets/con.svg?1705294800
con,,Conflux,expansion,Alara,2009-02-06,https://svgs.scryfall.io/sets/con.svg?1705294800
tcon,con,Conflux Tokens,token,Alara,2009-02-06,https://svgs.scryfall.io/sets/con.svg?1705294800
pbook,,Miscellaneous Book Promos,promo,,2009-01-27,https://svgs.scryfall.io/sets/pbook.svg?1705294800
pdtp,,Duels of the Planeswalkers 2009 Promos ,promo,,2009-01-01,https://svgs.scryfall.io/sets/pxbox.svg?1705294800
pmps09,,Magic Premiere Shop 2009,promo,,2009-01-01,https://svgs.scryfall.io/sets/pmps.svg?1705294800
f09,,Friday Night Magic 2009,promo,Friday Night Magic,2009-01-01,https://svgs.scryfall.io/sets/dci.svg?1705294800
g09,,Judge Gift Cards 2009,promo,Judge Gift Cards,2009-01-01,https://svgs.scryfall.io/sets/dci.svg?1705294800
p09,,Magic Player Rewards 2009,promo,Magic Player Rewards,2009-01-01,https://svgs.scryfall.io/sets/default.svg?1705294800
tdd2,dd2,Duel Decks: Jace vs. Chandra Tokens,token,,2008-11-07,https://svgs.scryfall.io/sets/dd2.svg?1705294800
dd2,,Duel Decks: Jace vs. Chandra,duel_deck,,2008-11-07,https://svgs.scryfall.io/sets/dd2.svg?1705294800
pala,ala,Shards of Alara Promos,promo,Alara,2008-10-03,https://svgs.scryfall.io/sets/ala.svg?1705294800
tala,ala,Shards of Alara Tokens,token,Alara,2008-10-03,https://svgs.scryfall.io/sets/ala.svg?1705294800
ala,,Shards of Alara,expansion,Alara,2008-10-03,https://svgs.scryfall.io/sets/ala.svg?1705294800
me2,,Masters Edition II,masters,,2008-09-22,https://svgs.scryfall.io/sets/me2.svg?1705294800
drb,,From the Vault: Dragons,from_the_vault,,2008-08-29,https://svgs.scryfall.io/sets/drb.svg?1705294800
peve,eve,Eventide Promos,promo,Shadowmoor,2008-07-25,https://svgs.scryfall.io/sets/eve.svg?1705294800
teve,eve,Eventide Tokens,token,Shadowmoor,2008-07-25,https://svgs.scryfall.io/sets/eve.svg?1705294800
eve,,Eventide,expansion,Shadowmoor,2008-07-25,https://svgs.scryfall.io/sets/eve.svg?1705294800
pshm,shm,Shadowmoor Promos,promo,Shadowmoor,2008-05-02,https://svgs.scryfall.io/sets/shm.svg?1705294800
shm,,Shadowmoor,expansion,Shadowmoor,2008-05-02,https://svgs.scryfall.io/sets/shm.svg?1705294800
tshm,shm,Shadowmoor Tokens,token,Shadowmoor,2008-05-02,https://svgs.scryfall.io/sets/shm.svg?1705294800
p15a,,15th Anniversary Cards,promo,,2008-04-01,https://svgs.scryfall.io/sets/default.svg?1705294800
pmor,mor,Morningtide Promos,promo,Lorwyn,2008-02-01,https://svgs.scryfall.io/sets/mor.svg?1705294800
mor,,Morningtide,expansion,Lorwyn,2008-02-01,https://svgs.scryfall.io/sets/mor.svg?1705294800
tmor,mor,Morningtide Tokens,token,Lorwyn,2008-02-01,https://svgs.scryfall.io/sets/mor.svg?1705294800
pmps08,,Magic Premiere Shop 2008,promo,,2008-01-01,https://svgs.scryfall.io/sets/pmps.svg?1705294800
g08,,Judge Gift Cards 2008,promo,Judge Gift Cards,2008-01-01,https://svgs.scryfall.io/sets/dci.svg?1705294800
f08,,Friday Night Magic 2008,promo,Friday Night Magic,2008-01-01,https://svgs.scryfall.io/sets/dci.svg?1705294800
p08,,Magic Player Rewards 2008,promo,Magic Player Rewards,2008-01-01,https://svgs.scryfall.io/sets/default.svg?1705294800
tdd1,dd1,Duel Decks: Elves vs. Goblins Tokens,token,,2007-11-16,https://svgs.scryfall.io/sets/dd1.svg?1705294800
dd1,,Duel Decks: Elves vs. Goblins,duel_deck,,2007-11-16,https://svgs.scryfall.io/sets/dd1.svg?1705294800
plrw,lrw,Lorwyn Promos,promo,Lorwyn,2007-10-12,https://svgs.scryfall.io/sets/lrw.svg?1705294800
tlrw,lrw,Lorwyn Tokens,token,Lorwyn,2007-10-12,https://svgs.scryfall.io/sets/lrw.svg?1705294800
lrw,,Lorwyn,expansion,Lorwyn,2007-10-12,https://svgs.scryfall.io/sets/lrw.svg?1705294800
me1,,Masters Edition,masters,,2007-09-10,https://svgs.scryfall.io/sets/me1.svg?1705294800
10e,,Tenth Edition,core,Core Set,2007-07-13,https://svgs.scryfall.io/sets/10e.svg?1705294800
p10e,10e,Tenth Edition Promos,promo,,2007-07-13,https://svgs.scryfall.io/sets/10e.svg?1705294800
t10e,10e,Tenth Edition Tokens,token,,2007-07-13,https://svgs.scryfall.io/sets/10e.svg?1705294800
pfut,fut,Future Sight Promos,promo,Time Spiral,2007-05-04,https://svgs.scryfall.io/sets/fut.svg?1705294800
fut,,Future Sight,expansion,Time Spiral,2007-05-04,https://svgs.scryfall.io/sets/fut.svg?1705294800
pgpx,,Grand Prix Promos,promo,,2007-02-24,https://svgs.scryfall.io/sets/star.svg?1705294800
ppro,,Pro Tour Promos,promo,,2007-02-09,https://svgs.scryfall.io/sets/star.svg?1705294800
pplc,plc,Planar Chaos Promos,promo,Time Spiral,2007-02-02,https://svgs.scryfall.io/sets/plc.svg?1705294800
plc,,Planar Chaos,expansion,Time Spiral,2007-02-02,https://svgs.scryfall.io/sets/plc.svg?1705294800
pres,,Resale Promos,promo,,2007-01-01,https://svgs.scryfall.io/sets/star.svg?1705294800
pmps07,,Magic Premiere Shop 2007,promo,,2007-01-01,https://svgs.scryfall.io/sets/pmps.svg?1705294800
g07,,Judge Gift Cards 2007,promo,Judge Gift Cards,2007-01-01,https://svgs.scryfall.io/sets/dci.svg?1705294800
f07,,Friday Night Magic 2007,promo,Friday Night Magic,2007-01-01,https://svgs.scryfall.io/sets/dci.svg?1705294800
p07,,Magic Player Rewards 2007,promo,Magic Player Rewards,2007-01-01,https://svgs.scryfall.io/sets/default.svg?1705294800
hho,,Happy Holidays,funny,,2006-12-31,https://svgs.scryfall.io/sets/star.svg?1705294800
ptsp,tsp,Time Spiral Promos,promo,Time Spiral,2006-10-06,https://svgs.scryfall.io/sets/tsp.svg?1705294800
tsp,,Time Spiral,expansion,Time Spiral,2006-10-06,https://svgs.scryfall.io/sets/tsp.svg?1705294800
tsb,tsp,Time Spiral Timeshifted,expansion,Time Spiral,2006-10-06,https://svgs.scryfall.io/sets/tsp.svg?1705294800
pcsp,csp,Coldsnap Promos,promo,Ice Age,2006-07-21,https://svgs.scryfall.io/sets/csp.svg?1705294800
csp,,Coldsnap,expansion,Ice Age,2006-07-21,https://svgs.scryfall.io/sets/csp.svg?1705294800
cst,csp,Coldsnap Theme Decks,box,Ice Age,2006-07-21,https://svgs.scryfall.io/sets/csp.svg?1705294800
pdis,dis,Dissension Promos,promo,Ravnica,2006-05-05,https://svgs.scryfall.io/sets/dis.svg?1705294800
dis,,Dissension,expansion,Ravnica,2006-05-05,https://svgs.scryfall.io/sets/dis.svg?1705294800
pcmp,,Champs and States,promo,,2006-03-18,https://svgs.scryfall.io/sets/default.svg?1705294800
pgpt,gpt,Guildpact Promos,promo,Ravnica,2006-02-03,https://svgs.scryfall.io/sets/gpt.svg?1705294800
gpt,,Guildpact,expansion,Ravnica,2006-02-03,https://svgs.scryfall.io/sets/gpt.svg?1705294800
pal06,,Arena League 2006,promo,Arena League,2006-01-01,https://svgs.scryfall.io/sets/parl.svg?1705294800
pmps06,,Magic Premiere Shop 2006,promo,,2006-01-01,https://svgs.scryfall.io/sets/pmtg2.svg?1705294800
pjas,,Junior APAC Series,promo,,2006-01-01,https://svgs.scryfall.io/sets/dci.svg?1705294800
f06,,Friday Night Magic 2006,promo,Friday Night Magic,2006-01-01,https://svgs.scryfall.io/sets/dci.svg?1705294800
phuk,,Hachette UK,box,,2006-01-01,https://svgs.scryfall.io/sets/phuk.svg?1705294800
pdci,,DCI Promos,promo,,2006-01-01,https://svgs.scryfall.io/sets/dci.svg?1705294800
p06,,Magic Player Rewards 2006,promo,Magic Player Rewards,2006-01-01,https://svgs.scryfall.io/sets/dci.svg?1705294800
g06,,Judge Gift Cards 2006,promo,Judge Gift Cards,2006-01-01,https://svgs.scryfall.io/sets/dci.svg?1705294800
p2hg,,Two-Headed Giant Tournament,promo,,2005-12-09,https://svgs.scryfall.io/sets/dci.svg?1705294800
prav,rav,Ravnica: City of Guilds Promos,promo,Ravnica,2005-10-07,https://svgs.scryfall.io/sets/rav.svg?1705294800
rav,,Ravnica: City of Guilds,expansion,Ravnica,2005-10-07,https://svgs.scryfall.io/sets/rav.svg?1705294800
psal,,Salvat 2005,box,,2005-08-22,https://svgs.scryfall.io/sets/phuk.svg?1705294800
p9ed,9ed,Ninth Edition Promos,promo,Core Set,2005-07-29,https://svgs.scryfall.io/sets/9ed.svg?1705294800
9ed,,Ninth Edition,core,Core Set,2005-07-29,https://svgs.scryfall.io/sets/9ed.svg?1705294800
psok,sok,Saviors of Kamigawa Promos,promo,Kamigawa,2005-06-03,https://svgs.scryfall.io/sets/sok.svg?1705294800
sok,,Saviors of Kamigawa,expansion,Kamigawa,2005-06-03,https://svgs.scryfall.io/sets/sok.svg?1705294800
pbok,bok,Betrayers of Kamigawa Promos,promo,Kamigawa,2005-02-04,https://svgs.scryfall.io/sets/bok.svg?1705294800
bok,,Betrayers of Kamigawa,expansion,Kamigawa,2005-02-04,https://svgs.scryfall.io/sets/bok.svg?1705294800
pmps,,Magic Premiere Shop 2005,promo,,2005-01-01,https://svgs.scryfall.io/sets/rav.svg?1705294800
pal05,,Arena League 2005,promo,Arena League,2005-01-01,https://svgs.scryfall.io/sets/parl.svg?1705294800
pjse,,Junior Series Europe,promo,,2005-01-01,https://svgs.scryfall.io/sets/dci.svg?1705294800
g05,,Judge Gift Cards 2005,promo,Judge Gift Cards,2005-01-01,https://svgs.scryfall.io/sets/dci.svg?1705294800
p05,,Magic Player Rewards 2005,promo,Magic Player Rewards,2005-01-01,https://svgs.scryfall.io/sets/dci.svg?1705294800
f05,,Friday Night Magic 2005,promo,Friday Night Magic,2005-01-01,https://svgs.scryfall.io/sets/dci.svg?1705294800
punh,unh,Unhinged Promos,promo,,2004-11-19,https://svgs.scryfall.io/sets/unh.svg?1705294800
unh,,Unhinged,funny,,2004-11-19,https://svgs.scryfall.io/sets/unh.svg?1705294800
pchk,chk,Champions of Kamigawa Promos,promo,Kamigawa,2004-10-01,https://svgs.scryfall.io/sets/chk.svg?1705294800
chk,,Champions of Kamigawa,expansion,Kamigawa,2004-10-01,https://svgs.scryfall.io/sets/chk.svg?1705294800
wc04,,World Championship Decks 2004,memorabilia,,2004-09-01,https://svgs.scryfall.io/sets/default.svg?1705294800
p5dn,5dn,Fifth Dawn Promos,promo,Mirrodin,2004-06-04,https://svgs.scryfall.io/sets/5dn.svg?1705294800
pmrd,mrd,Mirrodin Promos,promo,Mirrodin,2004-06-04,https://svgs.scryfall.io/sets/mrd.svg?1705294800
pdst,dst,Darksteel Promos,promo,Mirrodin,2004-06-04,https://svgs.scryfall.io/sets/dst.svg?1705294800
5dn,,Fifth Dawn,expansion,Mirrodin,2004-06-04,https://svgs.scryfall.io/sets/5dn.svg?1705294800
dst,,Darksteel,expansion,Mirrodin,2004-02-06,https://svgs.scryfall.io/sets/dst.svg?1705294800
pal04,,Arena League 2004,promo,Arena League,2004-01-01,https://svgs.scryfall.io/sets/parl.svg?1705294800
p04,,Magic Player Rewards 2004,promo,Magic Player Rewards,2004-01-01,https://svgs.scryfall.io/sets/dci.svg?1705294800
f04,,Friday Night Magic 2004,promo,Friday Night Magic,2004-01-01,https://svgs.scryfall.io/sets/dci.svg?1705294800
g04,,Judge Gift Cards 2004,promo,Judge Gift Cards,2004-01-01,https://svgs.scryfall.io/sets/dci.svg?1705294800
mrd,,Mirrodin,expansion,Mirrodin,2003-10-02,https://svgs.scryfall.io/sets/mrd.svg?1705294800
wc03,,World Championship Decks 2003,memorabilia,,2003-08-06,https://svgs.scryfall.io/sets/default.svg?1705294800
p8ed,8ed,Eighth Edition Promos,promo,Core Set,2003-07-28,https://svgs.scryfall.io/sets/8ed.svg?1705294800
8ed,,Eighth Edition,core,Core Set,2003-07-28,https://svgs.scryfall.io/sets/8ed.svg?1705294800
pscg,scg,Scourge Promos,promo,Onslaught,2003-05-26,https://svgs.scryfall.io/sets/scg.svg?1705294800
scg,,Scourge,expansion,Onslaught,2003-05-26,https://svgs.scryfall.io/sets/scg.svg?1705294800
pons,ons,Onslaught Promos,promo,Onslaught,2003-02-03,https://svgs.scryfall.io/sets/ons.svg?1705294800
plgn,lgn,Legions Promos,promo,Onslaught,2003-02-03,https://svgs.scryfall.io/sets/lgn.svg?1705294800
lgn,,Legions,expansion,Onslaught,2003-02-03,https://svgs.scryfall.io/sets/lgn.svg?1705294800
pmoa,,Magic Online Avatars,vanguard,,2003-01-01,https://svgs.scryfall.io/sets/mtgo.svg?1705294800
pjjt,,Japan Junior Tournament,promo,,2003-01-01,https://svgs.scryfall.io/sets/dci.svg?1705294800
pal03,,Arena League 2003,promo,Arena League,2003-01-01,https://svgs.scryfall.io/sets/parl.svg?1705294800
p03,,Magic Player Rewards 2003,promo,Magic Player Rewards,2003-01-01,https://svgs.scryfall.io/sets/dci.svg?1705294800
ovnt,,Vintage Championship,memorabilia,,2003-01-01,https://svgs.scryfall.io/sets/pmei.svg?1705294800
g03,,Judge Gift Cards 2003,promo,Judge Gift Cards,2003-01-01,https://svgs.scryfall.io/sets/dci.svg?1705294800
f03,,Friday Night Magic 2003,promo,Friday Night Magic,2003-01-01,https://svgs.scryfall.io/sets/dci.svg?1705294800
ons,,Onslaught,expansion,Onslaught,2002-10-07,https://svgs.scryfall.io/sets/ons.svg?1705294800
wc02,,World Championship Decks 2002,memorabilia,,2002-08-14,https://svgs.scryfall.io/sets/default.svg?1705294800
phj,,Hobby Japan Promos,promo,,2002-07-01,https://svgs.scryfall.io/sets/default.svg?1705294800
prm,,Magic Online Promos,promo,,2002-06-24,https://svgs.scryfall.io/sets/mtgo.svg?1705294800
pjud,jud,Judgment Promos,promo,Odyssey,2002-05-27,https://svgs.scryfall.io/sets/jud.svg?1705294800
jud,,Judgment,expansion,Odyssey,2002-05-27,https://svgs.scryfall.io/sets/jud.svg?1705294800
ptor,tor,Torment Promos,promo,Odyssey,2002-02-04,https://svgs.scryfall.io/sets/tor.svg?1705294800
tor,,Torment,expansion,Odyssey,2002-02-04,https://svgs.scryfall.io/sets/tor.svg?1705294800
pal02,,Arena League 2002,promo,Arena League,2002-01-01,https://svgs.scryfall.io/sets/parl.svg?1705294800
g02,,Judge Gift Cards 2002,promo,Judge Gift Cards,2002-01-01,https://svgs.scryfall.io/sets/dci.svg?1705294800
f02,,Friday Night Magic 2002,promo,Friday Night Magic,2002-01-01,https://svgs.scryfall.io/sets/dci.svg?1705294800
pr2,,Magic Player Rewards 2002,promo,Magic Player Rewards,2002-01-01,https://svgs.scryfall.io/sets/dci.svg?1705294800
dkm,,Deckmasters,box,,2001-12-01,https://svgs.scryfall.io/sets/dkm.svg?1705294800
pody,ody,Odyssey Promos,promo,Odyssey,2001-10-01,https://svgs.scryfall.io/sets/ody.svg?1705294800
ody,,Odyssey,expansion,Odyssey,2001-10-01,https://svgs.scryfall.io/sets/ody.svg?1705294800
wc01,,World Championship Decks 2001,memorabilia,,2001-08-08,https://svgs.scryfall.io/sets/default.svg?1705294800
psdg,,Sega Dreamcast Cards,box,,2001-06-28,https://svgs.scryfall.io/sets/psdg.svg?1705294800
papc,apc,Apocalypse Promos,promo,Invasion,2001-06-04,https://svgs.scryfall.io/sets/apc.svg?1705294800
apc,,Apocalypse,expansion,Invasion,2001-06-04,https://svgs.scryfall.io/sets/apc.svg?1705294800
7ed,,Seventh Edition,core,Core Set,2001-04-11,https://svgs.scryfall.io/sets/7ed.svg?1705294800
ppls,pls,Planeshift Promos,promo,Invasion,2001-02-05,https://svgs.scryfall.io/sets/pls.svg?1705294800
pls,,Planeshift,expansion,Invasion,2001-02-05,https://svgs.scryfall.io/sets/pls.svg?1705294800
pal01,,Arena League 2001,promo,Arena League,2001-01-01,https://svgs.scryfall.io/sets/parl2.svg?1705294800
f01,,Friday Night Magic 2001,promo,Friday Night Magic,2001-01-01,https://svgs.scryfall.io/sets/dci.svg?1705294800
mpr,,Magic Player Rewards 2001,promo,Magic Player Rewards,2001-01-01,https://svgs.scryfall.io/sets/dci.svg?1705294800
g01,,Judge Gift Cards 2001,promo,Judge Gift Cards,2001-01-01,https://svgs.scryfall.io/sets/dci.svg?1705294800
pinv,inv,Invasion Promos,promo,Invasion,2000-10-02,https://svgs.scryfall.io/sets/inv.svg?1705294800
inv,,Invasion,expansion,Invasion,2000-10-02,https://svgs.scryfall.io/sets/inv.svg?1705294800
btd,,Beatdown Box Set,box,,2000-10-01,https://svgs.scryfall.io/sets/btd.svg?1705294800
wc00,,World Championship Decks 2000,memorabilia,,2000-08-02,https://svgs.scryfall.io/sets/default.svg?1705294800
ppcy,pcy,Prophecy Promos,promo,Masques,2000-06-05,https://svgs.scryfall.io/sets/pcy.svg?1705294800
pcy,,Prophecy,expansion,Masques,2000-06-05,https://svgs.scryfall.io/sets/pcy.svg?1705294800
s00,,Starter 2000,starter,,2000-04-01,https://svgs.scryfall.io/sets/s00.svg?1705294800
pnem,nem,Nemesis Promos,promo,Masques,2000-02-14,https://svgs.scryfall.io/sets/nem.svg?1705294800
nem,,Nemesis,expansion,Masques,2000-02-14,https://svgs.scryfall.io/sets/nem.svg?1705294800
pelp,,European Land Program,promo,,2000-02-05,https://svgs.scryfall.io/sets/peuro.svg?1705294800
pal00,,Arena League 2000,promo,Arena League,2000-01-01,https://svgs.scryfall.io/sets/parl2.svg?1705294800
g00,,Judge Gift Cards 2000,promo,Judge Gift Cards,2000-01-01,https://svgs.scryfall.io/sets/dci.svg?1705294800
fnm,,Friday Night Magic 2000,promo,Friday Night Magic,2000-01-01,https://svgs.scryfall.io/sets/default.svg?1705294800
psus,,Junior Super Series,promo,,1999-12-01,https://svgs.scryfall.io/sets/dci.svg?1705294800
brb,,Battle Royale Box Set,box,,1999-11-12,https://svgs.scryfall.io/sets/brb.svg?1705294800
pmmq,mmq,Mercadian Masques Promos,promo,Masques,1999-10-04,https://svgs.scryfall.io/sets/mmq.svg?1705294800
mmq,,Mercadian Masques,expansion,Masques,1999-10-04,https://svgs.scryfall.io/sets/mmq.svg?1705294800
pwos,,Wizards of the Coast Online Store,promo,,1999-09-04,https://svgs.scryfall.io/sets/default.svg?1705294800
pwor,,World Championship Promos,promo,,1999-08-04,https://svgs.scryfall.io/sets/default.svg?1705294800
wc99,,World Championship Decks 1999,memorabilia,,1999-08-04,https://svgs.scryfall.io/sets/default.svg?1705294800
pgru,,Guru,promo,,1999-07-12,https://svgs.scryfall.io/sets/pgru.svg?1705294800
s99,,Starter 1999,starter,,1999-07-01,https://svgs.scryfall.io/sets/s99.svg?1705294800
puds,uds,Urza's Destiny Promos,promo,Urza,1999-06-07,https://svgs.scryfall.io/sets/uds.svg?1705294800
uds,,Urza's Destiny,expansion,Urza,1999-06-07,https://svgs.scryfall.io/sets/uds.svg?1705294800
pptk,ptk,Portal: Three Kingdoms Promos,promo,,1999-05-01,https://svgs.scryfall.io/sets/ptk.svg?1705294800
ptk,,Portal Three Kingdoms,starter,,1999-05-01,https://svgs.scryfall.io/sets/ptk.svg?1705294800
6ed,,Classic Sixth Edition,core,Core Set,1999-04-21,https://svgs.scryfall.io/sets/6ed.svg?1705294800
pulg,ulg,Urza's Legacy Promos,promo,Urza,1999-02-15,https://svgs.scryfall.io/sets/ulg.svg?1705294800
ulg,,Urza's Legacy,expansion,Urza,1999-02-15,https://svgs.scryfall.io/sets/ulg.svg?1705294800
pal99,,Arena League 1999,promo,Arena League,1999-01-01,https://svgs.scryfall.io/sets/usg.svg?1705294800
g99,,Judge Gift Cards 1999,promo,Judge Gift Cards,1999-01-01,https://svgs.scryfall.io/sets/default.svg?1705294800
ath,,Anthologies,box,,1998-11-01,https://svgs.scryfall.io/sets/ath.svg?1705294800
pusg,usg,Urza's Saga Promos,promo,Urza,1998-10-12,https://svgs.scryfall.io/sets/usg.svg?1705294800
usg,,Urza's Saga,expansion,Urza,1998-10-12,https://svgs.scryfall.io/sets/usg.svg?1705294800
palp,,Asia Pacific Land Program,promo,,1998-09-01,https://svgs.scryfall.io/sets/papac.svg?1705294800
wc98,,World Championship Decks 1998,memorabilia,,1998-08-12,https://svgs.scryfall.io/sets/default.svg?1705294800
tugl,ugl,Unglued Tokens,token,,1998-08-11,https://svgs.scryfall.io/sets/default.svg?1705294800
ugl,,Unglued,funny,,1998-08-11,https://svgs.scryfall.io/sets/ugl.svg?1705294800
p02,,Portal Second Age,starter,,1998-06-24,https://svgs.scryfall.io/sets/p02.svg?1705294800
pexo,exo,Exodus Promos,promo,Tempest,1998-06-15,https://svgs.scryfall.io/sets/exo.svg?1705294800
exo,,Exodus,expansion,Tempest,1998-06-15,https://svgs.scryfall.io/sets/exo.svg?1705294800
psth,sth,Stronghold Promos,promo,Tempest,1998-03-02,https://svgs.scryfall.io/sets/sth.svg?1705294800
sth,,Stronghold,expansion,Tempest,1998-03-02,https://svgs.scryfall.io/sets/sth.svg?1705294800
jgp,,Judge Gift Cards 1998,promo,Judge Gift Cards,1998-01-01,https://svgs.scryfall.io/sets/default.svg?1705294800
ptmp,tmp,Tempest Promos,promo,Tempest,1997-10-14,https://svgs.scryfall.io/sets/tmp.svg?1705294800
tmp,,Tempest,expansion,Tempest,1997-10-14,https://svgs.scryfall.io/sets/tmp.svg?1705294800
wc97,,World Championship Decks 1997,memorabilia,,1997-08-13,https://svgs.scryfall.io/sets/default.svg?1705294800
wth,,Weatherlight,expansion,Mirage,1997-06-09,https://svgs.scryfall.io/sets/wth.svg?1705294800
olep,,Oversized League Prizes,memorabilia,,1997-05-30,https://svgs.scryfall.io/sets/star.svg?1705294800
pvan,,Vanguard Series,vanguard,,1997-05-01,https://svgs.scryfall.io/sets/van.svg?1705294800
por,,Portal,starter,,1997-05-01,https://svgs.scryfall.io/sets/por.svg?1705294800
pmic,past,MicroProse Promos,memorabilia,,1997-04-01,https://svgs.scryfall.io/sets/past.svg?1705294800
past,,Astral Cards,box,,1997-04-01,https://svgs.scryfall.io/sets/past.svg?1705294800
5ed,,Fifth Edition,core,Core Set,1997-03-24,https://svgs.scryfall.io/sets/5ed.svg?1705294800
vis,,Visions,expansion,Mirage,1997-02-03,https://svgs.scryfall.io/sets/vis.svg?1705294800
itp,,Introductory Two-Player Set,starter,,1996-12-31,https://svgs.scryfall.io/sets/x2ps.svg?1705294800
mgb,,Multiverse Gift Box,box,,1996-11-01,https://svgs.scryfall.io/sets/vis.svg?1705294800
mir,,Mirage,expansion,Mirage,1996-10-08,https://svgs.scryfall.io/sets/mir.svg?1705294800
pred,,Redemption Program,promo,,1996-10-01,https://svgs.scryfall.io/sets/default.svg?1705294800
pcel,,Celebration Cards,memorabilia,,1996-08-14,https://svgs.scryfall.io/sets/star.svg?1705294800
parl,,Arena League 1996,promo,Arena League,1996-08-02,https://svgs.scryfall.io/sets/parl.svg?1705294800
rqs,,Rivals Quick Start Set,box,,1996-07-01,https://svgs.scryfall.io/sets/default.svg?1705294800
plgm,,DCI Legend Membership,promo,,1996-07-01,https://svgs.scryfall.io/sets/default.svg?1705294800
all,,Alliances,expansion,Ice Age,1996-06-10,https://svgs.scryfall.io/sets/all.svg?1705294800
ptc,,Pro Tour Collector Set,memorabilia,,1996-05-01,https://svgs.scryfall.io/sets/default.svg?1705294800
o90p,,Oversized 90's Promos,memorabilia,,1996-04-01,https://svgs.scryfall.io/sets/star.svg?1705294800
hml,,Homelands,expansion,,1995-10-01,https://svgs.scryfall.io/sets/hml.svg?1705294800
rin,,Rinascimento,masters,,1995-08-01,https://svgs.scryfall.io/sets/rin.svg?1705294800
ren,,Renaissance,masters,,1995-08-01,https://svgs.scryfall.io/sets/ren.svg?1705294800
chr,,Chronicles,masters,,1995-07-01,https://svgs.scryfall.io/sets/chr.svg?1705294800
bchr,chr,Chronicles Foreign Black Border,masters,,1995-07-01,https://svgs.scryfall.io/sets/chr.svg?1705294800
ice,,Ice Age,expansion,Ice Age,1995-06-03,https://svgs.scryfall.io/sets/ice.svg?1705294800
4bb,4ed,Fourth Edition Foreign Black Border,core,,1995-04-01,https://svgs.scryfall.io/sets/4ed.svg?1705294800
4ed,,Fourth Edition,core,Core Set,1995-04-01,https://svgs.scryfall.io/sets/4ed.svg?1705294800
pmei,,Media Inserts,promo,,1995-01-01,https://svgs.scryfall.io/sets/pmei.svg?1705294800
fem,,Fallen Empires,expansion,,1994-11-01,https://svgs.scryfall.io/sets/fem.svg?1705294800
phpr,,HarperPrism Book Promos,promo,,1994-09-01,https://svgs.scryfall.io/sets/pbook.svg?1705294800
drk,,The Dark,expansion,,1994-08-01,https://svgs.scryfall.io/sets/drk.svg?1705294800
pdrc,,Dragon Con,promo,,1994-07-15,https://svgs.scryfall.io/sets/pdrc.svg?1705294800
sum,,Summer Magic / Edgar,core,Core Set,1994-06-21,https://svgs.scryfall.io/sets/psum.svg?1705294800
leg,,Legends,expansion,,1994-06-01,https://svgs.scryfall.io/sets/leg.svg?1705294800
fbb,3ed,Foreign Black Border,core,Core Set,1994-04-01,https://svgs.scryfall.io/sets/3ed.svg?1705294800
3ed,,Revised Edition,core,Core Set,1994-04-01,https://svgs.scryfall.io/sets/3ed.svg?1705294800
atq,,Antiquities,expansion,,1994-03-04,https://svgs.scryfall.io/sets/atq.svg?1705294800
arn,,Arabian Nights,expansion,,1993-12-17,https://svgs.scryfall.io/sets/arn.svg?1705294800
cei,,Intl. Collectors' Edition,memorabilia,,1993-12-10,https://svgs.scryfall.io/sets/cei.svg?1705294800
ced,,Collectors' Edition,memorabilia,,1993-12-10,https://svgs.scryfall.io/sets/ced.svg?1705294800
2ed,,Unlimited Edition,core,Core Set,1993-12-01,https://svgs.scryfall.io/sets/2ed.svg?1705294800
leb,,Limited Edition Beta,core,Core Set,1993-10-04,https://svgs.scryfall.io/sets/leb.svg?1705294800
lea,,Limited Edition Alpha,core,Core Set,1993-08-05,https://svgs.scryfall.io/sets/lea.svg?1705294800
